5 Minutes,Lane 1 Flow (Veh/5 Minutes),# Lane Points,% Observed
04/01/2016 00:00,6,1,100
04/01/2016 00:05,7,1,100
04/01/2016 00:10,6,1,100
04/01/2016 00:15,7,1,100
04/01/2016 00:20,5,1,100
04/01/2016 00:25,5,1,100
04/01/2016 00:30,7,1,100
04/01/2016 00:35,6,1,100
04/01/2016 00:40,5,1,100
04/01/2016 00:45,3,1,100
04/01/2016 00:50,4,1,100
04/01/2016 00:55,4,1,100
04/01/2016 01:00,4,1,100
04/01/2016 01:05,6,1,100
04/01/2016 01:10,4,1,100
04/01/2016 01:15,3,1,100
04/01/2016 01:20,1,1,100
04/01/2016 01:25,3,1,100
04/01/2016 01:30,2,1,100
04/01/2016 01:35,2,1,100
04/01/2016 01:40,3,1,100
04/01/2016 01:45,3,1,100
04/01/2016 01:50,3,1,100
04/01/2016 01:55,3,1,100
04/01/2016 02:00,4,1,100
04/01/2016 02:05,4,1,100
04/01/2016 02:10,4,1,100
04/01/2016 02:15,2,1,100
04/01/2016 02:20,4,1,100
04/01/2016 02:25,3,1,100
04/01/2016 02:30,3,1,100
04/01/2016 02:35,2,1,100
04/01/2016 02:40,3,1,100
04/01/2016 02:45,4,1,100
04/01/2016 02:50,1,1,100
04/01/2016 02:55,5,1,100
04/01/2016 03:00,5,1,100
04/01/2016 03:05,4,1,100
04/01/2016 03:10,2,1,100
04/01/2016 03:15,3,1,100
04/01/2016 03:20,3,1,100
04/01/2016 03:25,2,1,100
04/01/2016 03:30,3,1,100
04/01/2016 03:35,8,1,100
04/01/2016 03:40,4,1,100
04/01/2016 03:45,5,1,100
04/01/2016 03:50,9,1,100
04/01/2016 03:55,8,1,100
04/01/2016 04:00,6,1,100
04/01/2016 04:05,8,1,100
04/01/2016 04:10,10,1,100
04/01/2016 04:15,8,1,100
04/01/2016 04:20,10,1,100
04/01/2016 04:25,13,1,100
04/01/2016 04:30,12,1,100
04/01/2016 04:35,14,1,100
04/01/2016 04:40,20,1,100
04/01/2016 04:45,25,1,100
04/01/2016 04:50,26,1,100
04/01/2016 04:55,26,1,100
04/01/2016 05:00,24,1,100
04/01/2016 05:05,26,1,100
04/01/2016 05:10,34,1,100
04/01/2016 05:15,37,1,100
04/01/2016 05:20,32,1,100
04/01/2016 05:25,35,1,100
04/01/2016 05:30,47,1,100
04/01/2016 05:35,47,1,100
04/01/2016 05:40,50,1,100
04/01/2016 05:45,48,1,100
04/01/2016 05:50,47,1,100
04/01/2016 05:55,50,1,100
04/01/2016 06:00,58,1,100
04/01/2016 06:05,50,1,100
04/01/2016 06:10,65,1,100
04/01/2016 06:15,63,1,100
04/01/2016 06:20,72,1,100
04/01/2016 06:25,62,1,100
04/01/2016 06:30,74,1,100
04/01/2016 06:35,71,1,100
04/01/2016 06:40,74,1,100
04/01/2016 06:45,74,1,100
04/01/2016 06:50,68,1,100
04/01/2016 06:55,68,1,100
04/01/2016 07:00,75,1,100
04/01/2016 07:05,70,1,100
04/01/2016 07:10,73,1,100
04/01/2016 07:15,66,1,100
04/01/2016 07:20,60,1,100
04/01/2016 07:25,53,1,100
04/01/2016 07:30,56,1,100
04/01/2016 07:35,50,1,100
04/01/2016 07:40,42,1,100
04/01/2016 07:45,40,1,100
04/01/2016 07:50,39,1,100
04/01/2016 07:55,39,1,100
04/01/2016 08:00,44,1,100
04/01/2016 08:05,46,1,100
04/01/2016 08:10,47,1,100
04/01/2016 08:15,40,1,100
04/01/2016 08:20,44,1,100
04/01/2016 08:25,47,1,100
04/01/2016 08:30,48,1,100
04/01/2016 08:35,51,1,100
04/01/2016 08:40,46,1,100
04/01/2016 08:45,42,1,100
04/01/2016 08:50,41,1,100
04/01/2016 08:55,43,1,100
04/01/2016 09:00,44,1,100
04/01/2016 09:05,40,1,100
04/01/2016 09:10,44,1,100
04/01/2016 09:15,53,1,100
04/01/2016 09:20,48,1,100
04/01/2016 09:25,69,1,100
04/01/2016 09:30,64,1,100
04/01/2016 09:35,62,1,100
04/01/2016 09:40,57,1,100
04/01/2016 09:45,53,1,100
04/01/2016 09:50,48,1,100
04/01/2016 09:55,60,1,100
04/01/2016 10:00,44,1,100
04/01/2016 10:05,51,1,100
04/01/2016 10:10,53,1,100
04/01/2016 10:15,49,1,100
04/01/2016 10:20,52,1,100
04/01/2016 10:25,44,1,100
04/01/2016 10:30,52,1,100
04/01/2016 10:35,50,1,100
04/01/2016 10:40,48,1,100
04/01/2016 10:45,44,1,100
04/01/2016 10:50,49,1,100
04/01/2016 10:55,45,1,100
04/01/2016 11:00,42,1,100
04/01/2016 11:05,44,1,100
04/01/2016 11:10,48,1,100
04/01/2016 11:15,48,1,100
04/01/2016 11:20,44,1,100
04/01/2016 11:25,57,1,100
04/01/2016 11:30,52,1,100
04/01/2016 11:35,36,1,100
04/01/2016 11:40,49,1,100
04/01/2016 11:45,41,1,100
04/01/2016 11:50,41,1,100
04/01/2016 11:55,45,1,100
04/01/2016 12:00,47,1,100
04/01/2016 12:05,41,1,100
04/01/2016 12:10,45,1,100
04/01/2016 12:15,41,1,100
04/01/2016 12:20,47,1,100
04/01/2016 12:25,44,1,100
04/01/2016 12:30,42,1,100
04/01/2016 12:35,50,1,100
04/01/2016 12:40,50,1,100
04/01/2016 12:45,45,1,100
04/01/2016 12:50,47,1,100
04/01/2016 12:55,43,1,100
04/01/2016 13:00,50,1,100
04/01/2016 13:05,34,1,100
04/01/2016 13:10,45,1,100
04/01/2016 13:15,32,1,100
04/01/2016 13:20,45,1,100
04/01/2016 13:25,45,1,100
04/01/2016 13:30,41,1,100
04/01/2016 13:35,40,1,100
04/01/2016 13:40,50,1,100
04/01/2016 13:45,52,1,100
04/01/2016 13:50,42,1,100
04/01/2016 13:55,45,1,100
04/01/2016 14:00,52,1,100
04/01/2016 14:05,47,1,100
04/01/2016 14:10,40,1,100
04/01/2016 14:15,44,1,100
04/01/2016 14:20,47,1,100
04/01/2016 14:25,41,1,100
04/01/2016 14:30,34,1,100
04/01/2016 14:35,44,1,100
04/01/2016 14:40,54,1,100
04/01/2016 14:45,51,1,100
04/01/2016 14:50,39,1,100
04/01/2016 14:55,53,1,100
04/01/2016 15:00,48,1,100
04/01/2016 15:05,42,1,100
04/01/2016 15:10,45,1,100
04/01/2016 15:15,46,1,100
04/01/2016 15:20,51,1,100
04/01/2016 15:25,47,1,100
04/01/2016 15:30,50,1,100
04/01/2016 15:35,52,1,100
04/01/2016 15:40,50,1,100
04/01/2016 15:45,44,1,100
04/01/2016 15:50,50,1,100
04/01/2016 15:55,43,1,100
04/01/2016 16:00,52,1,100
04/01/2016 16:05,37,1,100
04/01/2016 16:10,53,1,100
04/01/2016 16:15,49,1,100
04/01/2016 16:20,46,1,100
04/01/2016 16:25,41,1,100
04/01/2016 16:30,42,1,100
04/01/2016 16:35,39,1,100
04/01/2016 16:40,51,1,100
04/01/2016 16:45,42,1,100
04/01/2016 16:50,47,1,100
04/01/2016 16:55,40,1,100
04/01/2016 17:00,44,1,100
04/01/2016 17:05,43,1,100
04/01/2016 17:10,40,1,100
04/01/2016 17:15,53,1,100
04/01/2016 17:20,52,1,100
04/01/2016 17:25,46,1,100
04/01/2016 17:30,42,1,100
04/01/2016 17:35,51,1,100
04/01/2016 17:40,47,1,100
04/01/2016 17:45,41,1,100
04/01/2016 17:50,42,1,100
04/01/2016 17:55,39,1,100
04/01/2016 18:00,37,1,100
04/01/2016 18:05,34,1,100
04/01/2016 18:10,39,1,100
04/01/2016 18:15,39,1,100
04/01/2016 18:20,35,1,100
04/01/2016 18:25,37,1,100
04/01/2016 18:30,37,1,100
04/01/2016 18:35,30,1,100
04/01/2016 18:40,35,1,100
04/01/2016 18:45,38,1,100
04/01/2016 18:50,30,1,100
04/01/2016 18:55,31,1,100
04/01/2016 19:00,35,1,100
04/01/2016 19:05,29,1,100
04/01/2016 19:10,32,1,100
04/01/2016 19:15,36,1,100
04/01/2016 19:20,32,1,100
04/01/2016 19:25,29,1,100
04/01/2016 19:30,27,1,100
04/01/2016 19:35,30,1,100
04/01/2016 19:40,35,1,100
04/01/2016 19:45,27,1,100
04/01/2016 19:50,30,1,100
04/01/2016 19:55,26,1,100
04/01/2016 20:00,20,1,100
04/01/2016 20:05,29,1,100
04/01/2016 20:10,24,1,100
04/01/2016 20:15,21,1,100
04/01/2016 20:20,25,1,100
04/01/2016 20:25,24,1,100
04/01/2016 20:30,22,1,100
04/01/2016 20:35,21,1,100
04/01/2016 20:40,21,1,100
04/01/2016 20:45,27,1,100
04/01/2016 20:50,19,1,100
04/01/2016 20:55,21,1,100
04/01/2016 21:00,21,1,100
04/01/2016 21:05,25,1,100
04/01/2016 21:10,23,1,100
04/01/2016 21:15,17,1,100
04/01/2016 21:20,19,1,100
04/01/2016 21:25,21,1,100
04/01/2016 21:30,21,1,100
04/01/2016 21:35,24,1,100
04/01/2016 21:40,15,1,100
04/01/2016 21:45,17,1,100
04/01/2016 21:50,20,1,100
04/01/2016 21:55,12,1,100
04/01/2016 22:00,17,1,100
04/01/2016 22:05,12,1,100
04/01/2016 22:10,17,1,100
04/01/2016 22:15,16,1,100
04/01/2016 22:20,12,1,100
04/01/2016 22:25,12,1,100
04/01/2016 22:30,12,1,100
04/01/2016 22:35,13,1,100
04/01/2016 22:40,10,1,100
04/01/2016 22:45,8,1,100
04/01/2016 22:50,7,1,100
04/01/2016 22:55,11,1,100
04/01/2016 23:00,8,1,100
04/01/2016 23:05,6,1,100
04/01/2016 23:10,10,1,100
04/01/2016 23:15,11,1,100
04/01/2016 23:20,8,1,100
04/01/2016 23:25,8,1,100
04/01/2016 23:30,9,1,100
04/01/2016 23:35,12,1,100
04/01/2016 23:40,5,1,100
04/01/2016 23:45,10,1,100
04/01/2016 23:50,10,1,100
04/01/2016 23:55,6,1,100
05/01/2016 00:00,6,1,100
05/01/2016 00:05,7,1,100
05/01/2016 00:10,5,1,100
05/01/2016 00:15,3,1,100
05/01/2016 00:20,5,1,100
05/01/2016 00:25,5,1,100
05/01/2016 00:30,6,1,100
05/01/2016 00:35,5,1,100
05/01/2016 00:40,3,1,100
05/01/2016 00:45,3,1,100
05/01/2016 00:50,6,1,100
05/01/2016 00:55,1,1,100
05/01/2016 01:00,6,1,100
05/01/2016 01:05,3,1,100
05/01/2016 01:10,5,1,100
05/01/2016 01:15,4,1,100
05/01/2016 01:20,4,1,100
05/01/2016 01:25,1,1,100
05/01/2016 01:30,5,1,100
05/01/2016 01:35,4,1,100
05/01/2016 01:40,1,1,100
05/01/2016 01:45,3,1,100
05/01/2016 01:50,3,1,100
05/01/2016 01:55,4,1,100
05/01/2016 02:00,2,1,100
05/01/2016 02:05,2,1,100
05/01/2016 02:10,3,1,100
05/01/2016 02:15,2,1,100
05/01/2016 02:20,3,1,100
05/01/2016 02:25,4,1,100
05/01/2016 02:30,2,1,100
05/01/2016 02:35,4,1,100
05/01/2016 02:40,2,1,100
05/01/2016 02:45,2,1,100
05/01/2016 02:50,2,1,100
05/01/2016 02:55,1,1,100
05/01/2016 03:00,2,1,100
05/01/2016 03:05,1,1,100
05/01/2016 03:10,2,1,100
05/01/2016 03:15,4,1,100
05/01/2016 03:20,4,1,100
05/01/2016 03:25,3,1,100
05/01/2016 03:30,3,1,100
05/01/2016 03:35,4,1,100
05/01/2016 03:40,4,1,100
05/01/2016 03:45,6,1,100
05/01/2016 03:50,3,1,100
05/01/2016 03:55,4,1,100
05/01/2016 04:00,6,1,100
05/01/2016 04:05,6,1,100
05/01/2016 04:10,5,1,100
05/01/2016 04:15,10,1,100
05/01/2016 04:20,9,1,100
05/01/2016 04:25,8,1,100
05/01/2016 04:30,9,1,100
05/01/2016 04:35,12,1,100
05/01/2016 04:40,17,1,100
05/01/2016 04:45,23,1,100
05/01/2016 04:50,22,1,100
05/01/2016 04:55,20,1,100
05/01/2016 05:00,27,1,100
05/01/2016 05:05,22,1,100
05/01/2016 05:10,27,1,100
05/01/2016 05:15,34,1,100
05/01/2016 05:20,30,1,100
05/01/2016 05:25,35,1,100
05/01/2016 05:30,38,1,100
05/01/2016 05:35,37,1,100
05/01/2016 05:40,54,1,100
05/01/2016 05:45,51,1,100
05/01/2016 05:50,48,1,100
05/01/2016 05:55,46,1,100
05/01/2016 06:00,55,1,100
05/01/2016 06:05,54,1,100
05/01/2016 06:10,61,1,100
05/01/2016 06:15,64,1,100
05/01/2016 06:20,64,1,100
05/01/2016 06:25,83,1,100
05/01/2016 06:30,65,1,100
05/01/2016 06:35,78,1,100
05/01/2016 06:40,80,1,100
05/01/2016 06:45,87,1,100
05/01/2016 06:50,77,1,100
05/01/2016 06:55,76,1,100
05/01/2016 07:00,75,1,100
05/01/2016 07:05,75,1,100
05/01/2016 07:10,75,1,100
05/01/2016 07:15,69,1,100
05/01/2016 07:20,69,1,100
05/01/2016 07:25,49,1,100
05/01/2016 07:30,58,1,100
05/01/2016 07:35,52,1,100
05/01/2016 07:40,39,1,100
05/01/2016 07:45,42,1,100
05/01/2016 07:50,32,1,100
05/01/2016 07:55,38,1,100
05/01/2016 08:00,43,1,100
05/01/2016 08:05,46,1,100
05/01/2016 08:10,37,1,100
05/01/2016 08:15,41,1,100
05/01/2016 08:20,36,1,100
05/01/2016 08:25,35,1,100
05/01/2016 08:30,35,1,100
05/01/2016 08:35,32,1,100
05/01/2016 08:40,39,1,100
05/01/2016 08:45,30,1,100
05/01/2016 08:50,33,1,100
05/01/2016 08:55,32,1,100
05/01/2016 09:00,28,1,100
05/01/2016 09:05,29,1,100
05/01/2016 09:10,34,1,100
05/01/2016 09:15,37,1,100
05/01/2016 09:20,32,1,100
05/01/2016 09:25,36,1,100
05/01/2016 09:30,41,1,100
05/01/2016 09:35,40,1,100
05/01/2016 09:40,46,1,100
05/01/2016 09:45,44,1,100
05/01/2016 09:50,42,1,100
05/01/2016 09:55,30,1,100
05/01/2016 10:00,40,1,100
05/01/2016 10:05,32,1,100
05/01/2016 10:10,36,1,100
05/01/2016 10:15,37,1,100
05/01/2016 10:20,39,1,100
05/01/2016 10:25,46,1,100
05/01/2016 10:30,36,1,100
05/01/2016 10:35,42,1,100
05/01/2016 10:40,38,1,100
05/01/2016 10:45,44,1,100
05/01/2016 10:50,38,1,100
05/01/2016 10:55,43,1,100
05/01/2016 11:00,41,1,100
05/01/2016 11:05,35,1,100
05/01/2016 11:10,37,1,100
05/01/2016 11:15,38,1,100
05/01/2016 11:20,39,1,100
05/01/2016 11:25,37,1,100
05/01/2016 11:30,32,1,100
05/01/2016 11:35,46,1,100
05/01/2016 11:40,45,1,100
05/01/2016 11:45,27,1,100
05/01/2016 11:50,23,1,100
05/01/2016 11:55,24,1,100
05/01/2016 12:00,21,1,100
05/01/2016 12:05,42,1,100
05/01/2016 12:10,32,1,100
05/01/2016 12:15,39,1,100
05/01/2016 12:20,36,1,100
05/01/2016 12:25,24,1,100
05/01/2016 12:30,37,1,100
05/01/2016 12:35,36,1,100
05/01/2016 12:40,19,1,100
05/01/2016 12:45,9,1,100
05/01/2016 12:50,38,1,100
05/01/2016 12:55,37,1,100
05/01/2016 13:00,41,1,100
05/01/2016 13:05,35,1,100
05/01/2016 13:10,31,1,100
05/01/2016 13:15,29,1,100
05/01/2016 13:20,33,1,100
05/01/2016 13:25,26,1,100
05/01/2016 13:30,31,1,100
05/01/2016 13:35,35,1,100
05/01/2016 13:40,39,1,100
05/01/2016 13:45,16,1,100
05/01/2016 13:50,48,1,100
05/01/2016 13:55,39,1,100
05/01/2016 14:00,32,1,100
05/01/2016 14:05,35,1,100
05/01/2016 14:10,29,1,100
05/01/2016 14:15,38,1,100
05/01/2016 14:20,37,1,100
05/01/2016 14:25,36,1,100
05/01/2016 14:30,38,1,100
05/01/2016 14:35,33,1,100
05/01/2016 14:40,37,1,100
05/01/2016 14:45,44,1,100
05/01/2016 14:50,28,1,100
05/01/2016 14:55,36,1,100
05/01/2016 15:00,26,1,100
05/01/2016 15:05,34,1,100
05/01/2016 15:10,33,1,100
05/01/2016 15:15,40,1,100
05/01/2016 15:20,48,1,100
05/01/2016 15:25,41,1,100
05/01/2016 15:30,40,1,100
05/01/2016 15:35,47,1,100
05/01/2016 15:40,52,1,100
05/01/2016 15:45,42,1,100
05/01/2016 15:50,45,1,100
05/01/2016 15:55,36,1,100
05/01/2016 16:00,37,1,100
05/01/2016 16:05,38,1,100
05/01/2016 16:10,41,1,100
05/01/2016 16:15,39,1,100
05/01/2016 16:20,41,1,100
05/01/2016 16:25,44,1,100
05/01/2016 16:30,40,1,100
05/01/2016 16:35,37,1,100
05/01/2016 16:40,42,1,100
05/01/2016 16:45,36,1,100
05/01/2016 16:50,42,1,100
05/01/2016 16:55,41,1,100
05/01/2016 17:00,38,1,100
05/01/2016 17:05,41,1,100
05/01/2016 17:10,41,1,100
05/01/2016 17:15,48,1,100
05/01/2016 17:20,48,1,100
05/01/2016 17:25,39,1,100
05/01/2016 17:30,41,1,100
05/01/2016 17:35,35,1,100
05/01/2016 17:40,34,1,100
05/01/2016 17:45,41,1,100
05/01/2016 17:50,38,1,100
05/01/2016 17:55,31,1,100
05/01/2016 18:00,38,1,100
05/01/2016 18:05,41,1,100
05/01/2016 18:10,36,1,100
05/01/2016 18:15,38,1,100
05/01/2016 18:20,41,1,100
05/01/2016 18:25,34,1,100
05/01/2016 18:30,37,1,100
05/01/2016 18:35,31,1,100
05/01/2016 18:40,31,1,100
05/01/2016 18:45,30,1,100
05/01/2016 18:50,32,1,100
05/01/2016 18:55,28,1,100
05/01/2016 19:00,36,1,100
05/01/2016 19:05,26,1,100
05/01/2016 19:10,30,1,100
05/01/2016 19:15,26,1,100
05/01/2016 19:20,30,1,100
05/01/2016 19:25,29,1,100
05/01/2016 19:30,25,1,100
05/01/2016 19:35,26,1,100
05/01/2016 19:40,29,1,100
05/01/2016 19:45,19,1,100
05/01/2016 19:50,20,1,100
05/01/2016 19:55,23,1,100
05/01/2016 20:00,24,1,100
05/01/2016 20:05,20,1,100
05/01/2016 20:10,23,1,100
05/01/2016 20:15,28,1,100
05/01/2016 20:20,22,1,100
05/01/2016 20:25,24,1,100
05/01/2016 20:30,19,1,100
05/01/2016 20:35,19,1,100
05/01/2016 20:40,22,1,100
05/01/2016 20:45,19,1,100
05/01/2016 20:50,24,1,100
05/01/2016 20:55,22,1,100
05/01/2016 21:00,14,1,100
05/01/2016 21:05,20,1,100
05/01/2016 21:10,21,1,100
05/01/2016 21:15,18,1,100
05/01/2016 21:20,24,1,100
05/01/2016 21:25,17,1,100
05/01/2016 21:30,15,1,100
05/01/2016 21:35,15,1,100
05/01/2016 21:40,16,1,100
05/01/2016 21:45,14,1,100
05/01/2016 21:50,18,1,100
05/01/2016 21:55,12,1,100
05/01/2016 22:00,11,1,100
05/01/2016 22:05,13,1,100
05/01/2016 22:10,13,1,100
05/01/2016 22:15,16,1,100
05/01/2016 22:20,15,1,100
05/01/2016 22:25,13,1,100
05/01/2016 22:30,13,1,100
05/01/2016 22:35,10,1,100
05/01/2016 22:40,10,1,100
05/01/2016 22:45,8,1,100
05/01/2016 22:50,9,1,100
05/01/2016 22:55,7,1,100
05/01/2016 23:00,7,1,100
05/01/2016 23:05,7,1,100
05/01/2016 23:10,9,1,100
05/01/2016 23:15,8,1,100
05/01/2016 23:20,6,1,100
05/01/2016 23:25,6,1,100
05/01/2016 23:30,4,1,100
05/01/2016 23:35,7,1,100
05/01/2016 23:40,7,1,100
05/01/2016 23:45,8,1,100
05/01/2016 23:50,8,1,100
05/01/2016 23:55,6,1,100
06/01/2016 00:00,7,1,100
06/01/2016 00:05,3,1,100
06/01/2016 00:10,4,1,100
06/01/2016 00:15,4,1,100
06/01/2016 00:20,4,1,100
06/01/2016 00:25,3,1,100
06/01/2016 00:30,5,1,100
06/01/2016 00:35,5,1,100
06/01/2016 00:40,6,1,100
06/01/2016 00:45,1,1,100
06/01/2016 00:50,4,1,100
06/01/2016 00:55,2,1,100
06/01/2016 01:00,5,1,100
06/01/2016 01:05,2,1,100
06/01/2016 01:10,4,1,100
06/01/2016 01:15,4,1,100
06/01/2016 01:20,3,1,100
06/01/2016 01:25,6,1,100
06/01/2016 01:30,2,1,100
06/01/2016 01:35,2,1,100
06/01/2016 01:40,2,1,100
06/01/2016 01:45,1,1,100
06/01/2016 01:50,1,1,100
06/01/2016 01:55,4,1,100
06/01/2016 02:00,3,1,100
06/01/2016 02:05,2,1,100
06/01/2016 02:10,1,1,100
06/01/2016 02:15,2,1,100
06/01/2016 02:20,2,1,100
06/01/2016 02:25,1,1,100
06/01/2016 02:30,2,1,100
06/01/2016 02:35,3,1,100
06/01/2016 02:40,1,1,100
06/01/2016 02:45,1,1,100
06/01/2016 02:50,4,1,100
06/01/2016 02:55,2,1,100
06/01/2016 03:00,3,1,100
06/01/2016 03:05,2,1,100
06/01/2016 03:10,1,1,100
06/01/2016 03:15,3,1,100
06/01/2016 03:20,4,1,100
06/01/2016 03:25,3,1,100
06/01/2016 03:30,1,1,100
06/01/2016 03:35,5,1,100
06/01/2016 03:40,5,1,100
06/01/2016 03:45,7,1,100
06/01/2016 03:50,4,1,100
06/01/2016 03:55,4,1,100
06/01/2016 04:00,6,1,100
06/01/2016 04:05,5,1,100
06/01/2016 04:10,6,1,100
06/01/2016 04:15,8,1,100
06/01/2016 04:20,7,1,100
06/01/2016 04:25,9,1,100
06/01/2016 04:30,5,1,100
06/01/2016 04:35,17,1,100
06/01/2016 04:40,17,1,100
06/01/2016 04:45,14,1,100
06/01/2016 04:50,21,1,100
06/01/2016 04:55,18,1,100
06/01/2016 05:00,25,1,100
06/01/2016 05:05,19,1,100
06/01/2016 05:10,26,1,100
06/01/2016 05:15,29,1,100
06/01/2016 05:20,31,1,100
06/01/2016 05:25,30,1,100
06/01/2016 05:30,39,1,100
06/01/2016 05:35,40,1,100
06/01/2016 05:40,55,1,100
06/01/2016 05:45,41,1,100
06/01/2016 05:50,51,1,100
06/01/2016 05:55,57,1,100
06/01/2016 06:00,49,1,100
06/01/2016 06:05,54,1,100
06/01/2016 06:10,51,1,100
06/01/2016 06:15,56,1,100
06/01/2016 06:20,63,1,100
06/01/2016 06:25,67,1,100
06/01/2016 06:30,59,1,100
06/01/2016 06:35,81,1,100
06/01/2016 06:40,85,1,100
06/01/2016 06:45,81,1,100
06/01/2016 06:50,88,1,100
06/01/2016 06:55,81,1,100
06/01/2016 07:00,94,1,100
06/01/2016 07:05,73,1,100
06/01/2016 07:10,72,1,100
06/01/2016 07:15,60,1,100
06/01/2016 07:20,52,1,100
06/01/2016 07:25,48,1,100
06/01/2016 07:30,37,1,100
06/01/2016 07:35,43,1,100
06/01/2016 07:40,43,1,100
06/01/2016 07:45,37,1,100
06/01/2016 07:50,39,1,100
06/01/2016 07:55,37,1,100
06/01/2016 08:00,46,1,100
06/01/2016 08:05,42,1,100
06/01/2016 08:10,45,1,100
06/01/2016 08:15,49,1,100
06/01/2016 08:20,40,1,100
06/01/2016 08:25,46,1,100
06/01/2016 08:30,42,1,100
06/01/2016 08:35,32,1,100
06/01/2016 08:40,41,1,100
06/01/2016 08:45,41,1,100
06/01/2016 08:50,47,1,100
06/01/2016 08:55,40,1,100
06/01/2016 09:00,36,1,100
06/01/2016 09:05,50,1,100
06/01/2016 09:10,42,1,100
06/01/2016 09:15,59,1,100
06/01/2016 09:20,52,1,100
06/01/2016 09:25,57,1,100
06/01/2016 09:30,57,1,100
06/01/2016 09:35,62,1,100
06/01/2016 09:40,48,1,100
06/01/2016 09:45,60,1,100
06/01/2016 09:50,60,1,100
06/01/2016 09:55,55,1,100
06/01/2016 10:00,66,1,100
06/01/2016 10:05,52,1,100
06/01/2016 10:10,48,1,100
06/01/2016 10:15,48,1,100
06/01/2016 10:20,45,1,100
06/01/2016 10:25,60,1,100
06/01/2016 10:30,52,1,100
06/01/2016 10:35,57,1,100
06/01/2016 10:40,52,1,100
06/01/2016 10:45,55,1,100
06/01/2016 10:50,49,1,100
06/01/2016 10:55,45,1,100
06/01/2016 11:00,46,1,100
06/01/2016 11:05,46,1,100
06/01/2016 11:10,45,1,100
06/01/2016 11:15,48,1,100
06/01/2016 11:20,38,1,100
06/01/2016 11:25,45,1,100
06/01/2016 11:30,40,1,100
06/01/2016 11:35,37,1,100
06/01/2016 11:40,39,1,100
06/01/2016 11:45,32,1,100
06/01/2016 11:50,38,1,100
06/01/2016 11:55,36,1,100
06/01/2016 12:00,31,1,100
06/01/2016 12:05,36,1,100
06/01/2016 12:10,39,1,100
06/01/2016 12:15,34,1,100
06/01/2016 12:20,49,1,100
06/01/2016 12:25,45,1,100
06/01/2016 12:30,51,1,100
06/01/2016 12:35,43,1,100
06/01/2016 12:40,39,1,100
06/01/2016 12:45,40,1,100
06/01/2016 12:50,48,1,100
06/01/2016 12:55,31,1,100
06/01/2016 13:00,30,1,100
06/01/2016 13:05,37,1,100
06/01/2016 13:10,38,1,100
06/01/2016 13:15,39,1,100
06/01/2016 13:20,34,1,100
06/01/2016 13:25,36,1,100
06/01/2016 13:30,38,1,100
06/01/2016 13:35,39,1,100
06/01/2016 13:40,21,1,100
06/01/2016 13:45,30,1,100
06/01/2016 13:50,33,1,100
06/01/2016 13:55,27,1,100
06/01/2016 14:00,26,1,100
06/01/2016 14:05,25,1,100
06/01/2016 14:10,32,1,100
06/01/2016 14:15,40,1,100
06/01/2016 14:20,39,1,100
06/01/2016 14:25,37,1,100
06/01/2016 14:30,34,1,100
06/01/2016 14:35,41,1,100
06/01/2016 14:40,37,1,100
06/01/2016 14:45,45,1,100
06/01/2016 14:50,35,1,100
06/01/2016 14:55,41,1,100
06/01/2016 15:00,37,1,100
06/01/2016 15:05,41,1,100
06/01/2016 15:10,35,1,100
06/01/2016 15:15,39,1,100
06/01/2016 15:20,37,1,100
06/01/2016 15:25,39,1,100
06/01/2016 15:30,39,1,100
06/01/2016 15:35,43,1,100
06/01/2016 15:40,44,1,100
06/01/2016 15:45,43,1,100
06/01/2016 15:50,43,1,100
06/01/2016 15:55,39,1,100
06/01/2016 16:00,30,1,100
06/01/2016 16:05,37,1,100
06/01/2016 16:10,37,1,100
06/01/2016 16:15,41,1,100
06/01/2016 16:20,39,1,100
06/01/2016 16:25,40,1,100
06/01/2016 16:30,42,1,100
06/01/2016 16:35,35,1,100
06/01/2016 16:40,37,1,100
06/01/2016 16:45,41,1,100
06/01/2016 16:50,44,1,100
06/01/2016 16:55,37,1,100
06/01/2016 17:00,34,1,100
06/01/2016 17:05,34,1,100
06/01/2016 17:10,45,1,100
06/01/2016 17:15,48,1,100
06/01/2016 17:20,41,1,100
06/01/2016 17:25,40,1,100
06/01/2016 17:30,38,1,100
06/01/2016 17:35,39,1,100
06/01/2016 17:40,42,1,100
06/01/2016 17:45,36,1,100
06/01/2016 17:50,39,1,100
06/01/2016 17:55,37,1,100
06/01/2016 18:00,32,1,100
06/01/2016 18:05,38,1,100
06/01/2016 18:10,36,1,100
06/01/2016 18:15,43,1,100
06/01/2016 18:20,33,1,100
06/01/2016 18:25,38,1,100
06/01/2016 18:30,36,1,100
06/01/2016 18:35,30,1,100
06/01/2016 18:40,35,1,100
06/01/2016 18:45,27,1,100
06/01/2016 18:50,18,1,100
06/01/2016 18:55,24,1,100
06/01/2016 19:00,35,1,100
06/01/2016 19:05,29,1,100
06/01/2016 19:10,30,1,100
06/01/2016 19:15,30,1,100
06/01/2016 19:20,30,1,100
06/01/2016 19:25,30,1,100
06/01/2016 19:30,27,1,100
06/01/2016 19:35,34,1,100
06/01/2016 19:40,30,1,100
06/01/2016 19:45,25,1,100
06/01/2016 19:50,28,1,100
06/01/2016 19:55,23,1,100
06/01/2016 20:00,19,1,100
06/01/2016 20:05,20,1,100
06/01/2016 20:10,26,1,100
06/01/2016 20:15,12,1,100
06/01/2016 20:20,21,1,100
06/01/2016 20:25,24,1,100
06/01/2016 20:30,15,1,100
06/01/2016 20:35,19,1,100
06/01/2016 20:40,15,1,100
06/01/2016 20:45,15,1,100
06/01/2016 20:50,21,1,100
06/01/2016 20:55,15,1,100
06/01/2016 21:00,18,1,100
06/01/2016 21:05,19,1,100
06/01/2016 21:10,16,1,100
06/01/2016 21:15,16,1,100
06/01/2016 21:20,16,1,100
06/01/2016 21:25,20,1,100
06/01/2016 21:30,16,1,100
06/01/2016 21:35,15,1,100
06/01/2016 21:40,18,1,100
06/01/2016 21:45,18,1,100
06/01/2016 21:50,16,1,100
06/01/2016 21:55,13,1,100
06/01/2016 22:00,11,1,100
06/01/2016 22:05,9,1,100
06/01/2016 22:10,9,1,100
06/01/2016 22:15,13,1,100
06/01/2016 22:20,12,1,100
06/01/2016 22:25,12,1,100
06/01/2016 22:30,12,1,100
06/01/2016 22:35,10,1,100
06/01/2016 22:40,9,1,100
06/01/2016 22:45,8,1,100
06/01/2016 22:50,11,1,100
06/01/2016 22:55,8,1,100
06/01/2016 23:00,6,1,100
06/01/2016 23:05,7,1,100
06/01/2016 23:10,10,1,100
06/01/2016 23:15,6,1,100
06/01/2016 23:20,7,1,100
06/01/2016 23:25,4,1,100
06/01/2016 23:30,7,1,100
06/01/2016 23:35,6,1,100
06/01/2016 23:40,8,1,100
06/01/2016 23:45,6,1,100
06/01/2016 23:50,6,1,100
06/01/2016 23:55,5,1,100
07/01/2016 00:00,3,1,100
07/01/2016 00:05,4,1,100
07/01/2016 00:10,6,1,100
07/01/2016 00:15,5,1,100
07/01/2016 00:20,4,1,100
07/01/2016 00:25,4,1,100
07/01/2016 00:30,3,1,100
07/01/2016 00:35,4,1,100
07/01/2016 00:40,4,1,100
07/01/2016 00:45,3,1,100
07/01/2016 00:50,3,1,100
07/01/2016 00:55,5,1,100
07/01/2016 01:00,3,1,100
07/01/2016 01:05,1,1,100
07/01/2016 01:10,2,1,100
07/01/2016 01:15,3,1,100
07/01/2016 01:20,3,1,100
07/01/2016 01:25,1,1,100
07/01/2016 01:30,3,1,100
07/01/2016 01:35,1,1,100
07/01/2016 01:40,1,1,100
07/01/2016 01:45,4,1,100
07/01/2016 01:50,2,1,100
07/01/2016 01:55,3,1,100
07/01/2016 02:00,3,1,100
07/01/2016 02:05,2,1,100
07/01/2016 02:10,1,1,100
07/01/2016 02:15,2,1,100
07/01/2016 02:20,1,1,100
07/01/2016 02:25,1,1,100
07/01/2016 02:30,2,1,100
07/01/2016 02:35,3,1,100
07/01/2016 02:40,4,1,100
07/01/2016 02:45,2,1,100
07/01/2016 02:50,4,1,100
07/01/2016 02:55,3,1,100
07/01/2016 03:00,1,1,100
07/01/2016 03:05,1,1,100
07/01/2016 03:10,1,1,100
07/01/2016 03:15,3,1,100
07/01/2016 03:20,1,1,100
07/01/2016 03:25,2,1,100
07/01/2016 03:30,4,1,100
07/01/2016 03:35,5,1,100
07/01/2016 03:40,4,1,100
07/01/2016 03:45,4,1,100
07/01/2016 03:50,5,1,100
07/01/2016 03:55,4,1,100
07/01/2016 04:00,5,1,100
07/01/2016 04:05,5,1,100
07/01/2016 04:10,6,1,100
07/01/2016 04:15,9,1,100
07/01/2016 04:20,7,1,100
07/01/2016 04:25,8,1,100
07/01/2016 04:30,7,1,100
07/01/2016 04:35,10,1,100
07/01/2016 04:40,13,1,100
07/01/2016 04:45,14,1,100
07/01/2016 04:50,16,1,100
07/01/2016 04:55,15,1,100
07/01/2016 05:00,13,1,100
07/01/2016 05:05,23,1,100
07/01/2016 05:10,23,1,100
07/01/2016 05:15,26,1,100
07/01/2016 05:20,31,1,100
07/01/2016 05:25,31,1,100
07/01/2016 05:30,38,1,100
07/01/2016 05:35,34,1,100
07/01/2016 05:40,44,1,100
07/01/2016 05:45,46,1,100
07/01/2016 05:50,46,1,100
07/01/2016 05:55,37,1,100
07/01/2016 06:00,53,1,100
07/01/2016 06:05,46,1,100
07/01/2016 06:10,53,1,100
07/01/2016 06:15,63,1,100
07/01/2016 06:20,57,1,100
07/01/2016 06:25,72,1,100
07/01/2016 06:30,63,1,100
07/01/2016 06:35,74,1,100
07/01/2016 06:40,74,1,100
07/01/2016 06:45,78,1,100
07/01/2016 06:50,70,1,100
07/01/2016 06:55,78,1,100
07/01/2016 07:00,71,1,100
07/01/2016 07:05,77,1,100
07/01/2016 07:10,67,1,100
07/01/2016 07:15,58,1,100
07/01/2016 07:20,62,1,100
07/01/2016 07:25,59,1,100
07/01/2016 07:30,50,1,100
07/01/2016 07:35,40,1,100
07/01/2016 07:40,42,1,100
07/01/2016 07:45,40,1,100
07/01/2016 07:50,34,1,100
07/01/2016 07:55,37,1,100
07/01/2016 08:00,42,1,100
07/01/2016 08:05,39,1,100
07/01/2016 08:10,40,1,100
07/01/2016 08:15,31,1,100
07/01/2016 08:20,38,1,100
07/01/2016 08:25,35,1,100
07/01/2016 08:30,40,1,100
07/01/2016 08:35,35,1,100
07/01/2016 08:40,42,1,100
07/01/2016 08:45,33,1,100
07/01/2016 08:50,46,1,100
07/01/2016 08:55,42,1,100
07/01/2016 09:00,45,1,100
07/01/2016 09:05,47,1,100
07/01/2016 09:10,44,1,100
07/01/2016 09:15,48,1,100
07/01/2016 09:20,47,1,100
07/01/2016 09:25,45,1,100
07/01/2016 09:30,61,1,100
07/01/2016 09:35,52,1,100
07/01/2016 09:40,60,1,100
07/01/2016 09:45,56,1,100
07/01/2016 09:50,58,1,100
07/01/2016 09:55,50,1,100
07/01/2016 10:00,50,1,100
07/01/2016 10:05,45,1,100
07/01/2016 10:10,49,1,100
07/01/2016 10:15,44,1,100
07/01/2016 10:20,48,1,100
07/01/2016 10:25,45,1,100
07/01/2016 10:30,57,1,100
07/01/2016 10:35,50,1,100
07/01/2016 10:40,47,1,100
07/01/2016 10:45,51,1,100
07/01/2016 10:50,48,1,100
07/01/2016 10:55,40,1,100
07/01/2016 11:00,37,1,100
07/01/2016 11:05,50,1,100
07/01/2016 11:10,46,1,100
07/01/2016 11:15,48,1,100
07/01/2016 11:20,54,1,100
07/01/2016 11:25,49,1,100
07/01/2016 11:30,56,1,100
07/01/2016 11:35,58,1,100
07/01/2016 11:40,44,1,100
07/01/2016 11:45,57,1,100
07/01/2016 11:50,44,1,100
07/01/2016 11:55,45,1,100
07/01/2016 12:00,45,1,100
07/01/2016 12:05,46,1,100
07/01/2016 12:10,53,1,100
07/01/2016 12:15,43,1,100
07/01/2016 12:20,53,1,100
07/01/2016 12:25,40,1,100
07/01/2016 12:30,36,1,100
07/01/2016 12:35,45,1,100
07/01/2016 12:40,41,1,100
07/01/2016 12:45,54,1,100
07/01/2016 12:50,44,1,100
07/01/2016 12:55,52,1,100
07/01/2016 13:00,47,1,100
07/01/2016 13:05,48,1,100
07/01/2016 13:10,47,1,100
07/01/2016 13:15,41,1,100
07/01/2016 13:20,48,1,100
07/01/2016 13:25,44,1,100
07/01/2016 13:30,44,1,100
07/01/2016 13:35,51,1,100
07/01/2016 13:40,47,1,100
07/01/2016 13:45,46,1,100
07/01/2016 13:50,44,1,100
07/01/2016 13:55,43,1,100
07/01/2016 14:00,45,1,100
07/01/2016 14:05,42,1,100
07/01/2016 14:10,53,1,100
07/01/2016 14:15,44,1,100
07/01/2016 14:20,47,1,100
07/01/2016 14:25,56,1,100
07/01/2016 14:30,46,1,100
07/01/2016 14:35,51,1,100
07/01/2016 14:40,55,1,100
07/01/2016 14:45,47,1,100
07/01/2016 14:50,47,1,100
07/01/2016 14:55,48,1,100
07/01/2016 15:00,37,1,100
07/01/2016 15:05,49,1,100
07/01/2016 15:10,47,1,100
07/01/2016 15:15,48,1,100
07/01/2016 15:20,49,1,100
07/01/2016 15:25,36,1,100
07/01/2016 15:30,53,1,100
07/01/2016 15:35,47,1,100
07/01/2016 15:40,52,1,100
07/01/2016 15:45,46,1,100
07/01/2016 15:50,48,1,100
07/01/2016 15:55,49,1,100
07/01/2016 16:00,48,1,100
07/01/2016 16:05,42,1,100
07/01/2016 16:10,44,1,100
07/01/2016 16:15,43,1,100
07/01/2016 16:20,50,1,100
07/01/2016 16:25,44,1,100
07/01/2016 16:30,44,1,100
07/01/2016 16:35,49,1,100
07/01/2016 16:40,49,1,100
07/01/2016 16:45,47,1,100
07/01/2016 16:50,46,1,100
07/01/2016 16:55,45,1,100
07/01/2016 17:00,45,1,100
07/01/2016 17:05,49,1,100
07/01/2016 17:10,42,1,100
07/01/2016 17:15,58,1,100
07/01/2016 17:20,52,1,100
07/01/2016 17:25,52,1,100
07/01/2016 17:30,45,1,100
07/01/2016 17:35,44,1,100
07/01/2016 17:40,44,1,100
07/01/2016 17:45,41,1,100
07/01/2016 17:50,44,1,100
07/01/2016 17:55,44,1,100
07/01/2016 18:00,39,1,100
07/01/2016 18:05,32,1,100
07/01/2016 18:10,32,1,100
07/01/2016 18:15,40,1,100
07/01/2016 18:20,34,1,100
07/01/2016 18:25,40,1,100
07/01/2016 18:30,29,1,100
07/01/2016 18:35,40,1,100
07/01/2016 18:40,36,1,100
07/01/2016 18:45,35,1,100
07/01/2016 18:50,30,1,100
07/01/2016 18:55,37,1,100
07/01/2016 19:00,29,1,100
07/01/2016 19:05,38,1,100
07/01/2016 19:10,28,1,100
07/01/2016 19:15,36,1,100
07/01/2016 19:20,34,1,100
07/01/2016 19:25,38,1,100
07/01/2016 19:30,35,1,100
07/01/2016 19:35,25,1,100
07/01/2016 19:40,32,1,100
07/01/2016 19:45,34,1,100
07/01/2016 19:50,30,1,100
07/01/2016 19:55,24,1,100
07/01/2016 20:00,28,1,100
07/01/2016 20:05,22,1,100
07/01/2016 20:10,26,1,100
07/01/2016 20:15,22,1,100
07/01/2016 20:20,22,1,100
07/01/2016 20:25,25,1,100
07/01/2016 20:30,29,1,100
07/01/2016 20:35,23,1,100
07/01/2016 20:40,22,1,100
07/01/2016 20:45,23,1,100
07/01/2016 20:50,26,1,100
07/01/2016 20:55,21,1,100
07/01/2016 21:00,18,1,100
07/01/2016 21:05,20,1,100
07/01/2016 21:10,19,1,100
07/01/2016 21:15,14,1,100
07/01/2016 21:20,19,1,100
07/01/2016 21:25,17,1,100
07/01/2016 21:30,24,1,100
07/01/2016 21:35,23,1,100
07/01/2016 21:40,19,1,100
07/01/2016 21:45,16,1,100
07/01/2016 21:50,24,1,100
07/01/2016 21:55,9,1,100
07/01/2016 22:00,16,1,100
07/01/2016 22:05,13,1,100
07/01/2016 22:10,13,1,100
07/01/2016 22:15,18,1,100
07/01/2016 22:20,15,1,100
07/01/2016 22:25,16,1,100
07/01/2016 22:30,18,1,100
07/01/2016 22:35,16,1,100
07/01/2016 22:40,13,1,100
07/01/2016 22:45,15,1,100
07/01/2016 22:50,10,1,100
07/01/2016 22:55,14,1,100
07/01/2016 23:00,11,1,100
07/01/2016 23:05,8,1,100
07/01/2016 23:10,8,1,100
07/01/2016 23:15,9,1,100
07/01/2016 23:20,7,1,100
07/01/2016 23:25,4,1,100
07/01/2016 23:30,8,1,100
07/01/2016 23:35,6,1,100
07/01/2016 23:40,9,1,100
07/01/2016 23:45,9,1,100
07/01/2016 23:50,9,1,100
07/01/2016 23:55,14,1,100
08/01/2016 00:00,7,1,100
08/01/2016 00:05,6,1,100
08/01/2016 00:10,6,1,100
08/01/2016 00:15,7,1,100
08/01/2016 00:20,5,1,100
08/01/2016 00:25,5,1,100
08/01/2016 00:30,7,1,100
08/01/2016 00:35,9,1,100
08/01/2016 00:40,5,1,100
08/01/2016 00:45,7,1,100
08/01/2016 00:50,5,1,100
08/01/2016 00:55,5,1,100
08/01/2016 01:00,6,1,100
08/01/2016 01:05,7,1,100
08/01/2016 01:10,6,1,100
08/01/2016 01:15,6,1,100
08/01/2016 01:20,2,1,100
08/01/2016 01:25,3,1,100
08/01/2016 01:30,4,1,100
08/01/2016 01:35,3,1,100
08/01/2016 01:40,2,1,100
08/01/2016 01:45,2,1,100
08/01/2016 01:50,2,1,100
08/01/2016 01:55,3,1,100
08/01/2016 02:00,3,1,100
08/01/2016 02:05,3,1,100
08/01/2016 02:10,3,1,100
08/01/2016 02:15,3,1,100
08/01/2016 02:20,5,1,100
08/01/2016 02:25,2,1,100
08/01/2016 02:30,1,1,100
08/01/2016 02:35,2,1,100
08/01/2016 02:40,3,1,100
08/01/2016 02:45,1,1,100
08/01/2016 02:50,1,1,100
08/01/2016 02:55,2,1,100
08/01/2016 03:00,3,1,100
08/01/2016 03:05,3,1,100
08/01/2016 03:10,1,1,100
08/01/2016 03:15,4,1,100
08/01/2016 03:20,3,1,100
08/01/2016 03:25,2,1,100
08/01/2016 03:30,2,1,100
08/01/2016 03:35,3,1,100
08/01/2016 03:40,3,1,100
08/01/2016 03:45,6,1,100
08/01/2016 03:50,5,1,100
08/01/2016 03:55,2,1,100
08/01/2016 04:00,4,1,100
08/01/2016 04:05,7,1,100
08/01/2016 04:10,9,1,100
08/01/2016 04:15,8,1,100
08/01/2016 04:20,5,1,100
08/01/2016 04:25,7,1,100
08/01/2016 04:30,10,1,100
08/01/2016 04:35,14,1,100
08/01/2016 04:40,11,1,100
08/01/2016 04:45,18,1,100
08/01/2016 04:50,17,1,100
08/01/2016 04:55,13,1,100
08/01/2016 05:00,27,1,100
08/01/2016 05:05,23,1,100
08/01/2016 05:10,21,1,100
08/01/2016 05:15,24,1,100
08/01/2016 05:20,25,1,100
08/01/2016 05:25,28,1,100
08/01/2016 05:30,24,1,100
08/01/2016 05:35,42,1,100
08/01/2016 05:40,46,1,100
08/01/2016 05:45,44,1,100
08/01/2016 05:50,47,1,100
08/01/2016 05:55,41,1,100
08/01/2016 06:00,46,1,100
08/01/2016 06:05,42,1,100
08/01/2016 06:10,47,1,100
08/01/2016 06:15,60,1,100
08/01/2016 06:20,59,1,100
08/01/2016 06:25,67,1,100
08/01/2016 06:30,68,1,100
08/01/2016 06:35,78,1,100
08/01/2016 06:40,73,1,100
08/01/2016 06:45,87,1,100
08/01/2016 06:50,73,1,100
08/01/2016 06:55,81,1,100
08/01/2016 07:00,78,1,100
08/01/2016 07:05,80,1,100
08/01/2016 07:10,78,1,100
08/01/2016 07:15,71,1,100
08/01/2016 07:20,66,1,100
08/01/2016 07:25,62,1,100
08/01/2016 07:30,55,1,100
08/01/2016 07:35,50,1,100
08/01/2016 07:40,43,1,100
08/01/2016 07:45,44,1,100
08/01/2016 07:50,34,1,100
08/01/2016 07:55,40,1,100
08/01/2016 08:00,49,1,100
08/01/2016 08:05,51,1,100
08/01/2016 08:10,44,1,100
08/01/2016 08:15,45,1,100
08/01/2016 08:20,40,1,100
08/01/2016 08:25,48,1,100
08/01/2016 08:30,37,1,100
08/01/2016 08:35,38,1,100
08/01/2016 08:40,39,1,100
08/01/2016 08:45,41,1,100
08/01/2016 08:50,42,1,100
08/01/2016 08:55,45,1,100
08/01/2016 09:00,42,1,100
08/01/2016 09:05,34,1,100
08/01/2016 09:10,45,1,100
08/01/2016 09:15,52,1,100
08/01/2016 09:20,53,1,100
08/01/2016 09:25,53,1,100
08/01/2016 09:30,59,1,100
08/01/2016 09:35,59,1,100
08/01/2016 09:40,64,1,100
08/01/2016 09:45,43,1,100
08/01/2016 09:50,70,1,100
08/01/2016 09:55,59,1,100
08/01/2016 10:00,51,1,100
08/01/2016 10:05,44,1,100
08/01/2016 10:10,48,1,100
08/01/2016 10:15,60,1,100
08/01/2016 10:20,49,1,100
08/01/2016 10:25,55,1,100
08/01/2016 10:30,55,1,100
08/01/2016 10:35,59,1,100
08/01/2016 10:40,59,1,100
08/01/2016 10:45,57,1,100
08/01/2016 10:50,52,1,100
08/01/2016 10:55,51,1,100
08/01/2016 11:00,52,1,100
08/01/2016 11:05,43,1,100
08/01/2016 11:10,50,1,100
08/01/2016 11:15,59,1,100
08/01/2016 11:20,44,1,100
08/01/2016 11:25,44,1,100
08/01/2016 11:30,58,1,100
08/01/2016 11:35,57,1,100
08/01/2016 11:40,61,1,100
08/01/2016 11:45,58,1,100
08/01/2016 11:50,60,1,100
08/01/2016 11:55,50,1,100
08/01/2016 12:00,55,1,100
08/01/2016 12:05,50,1,100
08/01/2016 12:10,40,1,100
08/01/2016 12:15,53,1,100
08/01/2016 12:20,53,1,100
08/01/2016 12:25,42,1,100
08/01/2016 12:30,49,1,100
08/01/2016 12:35,51,1,100
08/01/2016 12:40,51,1,100
08/01/2016 12:45,48,1,100
08/01/2016 12:50,56,1,100
08/01/2016 12:55,44,1,100
08/01/2016 13:00,47,1,100
08/01/2016 13:05,52,1,100
08/01/2016 13:10,50,1,100
08/01/2016 13:15,50,1,100
08/01/2016 13:20,43,1,100
08/01/2016 13:25,58,1,100
08/01/2016 13:30,59,1,100
08/01/2016 13:35,49,1,100
08/01/2016 13:40,54,1,100
08/01/2016 13:45,58,1,100
08/01/2016 13:50,57,1,100
08/01/2016 13:55,47,1,100
08/01/2016 14:00,53,1,100
08/01/2016 14:05,52,1,100
08/01/2016 14:10,53,1,100
08/01/2016 14:15,55,1,100
08/01/2016 14:20,54,1,100
08/01/2016 14:25,53,1,100
08/01/2016 14:30,52,1,100
08/01/2016 14:35,51,1,100
08/01/2016 14:40,49,1,100
08/01/2016 14:45,54,1,100
08/01/2016 14:50,58,1,100
08/01/2016 14:55,51,1,100
08/01/2016 15:00,46,1,100
08/01/2016 15:05,60,1,100
08/01/2016 15:10,51,1,100
08/01/2016 15:15,53,1,100
08/01/2016 15:20,49,1,100
08/01/2016 15:25,47,1,100
08/01/2016 15:30,45,1,100
08/01/2016 15:35,59,1,100
08/01/2016 15:40,56,1,100
08/01/2016 15:45,53,1,100
08/01/2016 15:50,48,1,100
08/01/2016 15:55,52,1,100
08/01/2016 16:00,43,1,100
08/01/2016 16:05,47,1,100
08/01/2016 16:10,48,1,100
08/01/2016 16:15,40,1,100
08/01/2016 16:20,28,1,100
08/01/2016 16:25,46,1,100
08/01/2016 16:30,37,1,100
08/01/2016 16:35,38,1,100
08/01/2016 16:40,47,1,100
08/01/2016 16:45,39,1,100
08/01/2016 16:50,51,1,100
08/01/2016 16:55,46,1,100
08/01/2016 17:00,52,1,100
08/01/2016 17:05,49,1,100
08/01/2016 17:10,51,1,100
08/01/2016 17:15,58,1,100
08/01/2016 17:20,50,1,100
08/01/2016 17:25,57,1,100
08/01/2016 17:30,45,1,100
08/01/2016 17:35,46,1,100
08/01/2016 17:40,46,1,100
08/01/2016 17:45,46,1,100
08/01/2016 17:50,41,1,100
08/01/2016 17:55,44,1,100
08/01/2016 18:00,46,1,100
08/01/2016 18:05,36,1,100
08/01/2016 18:10,39,1,100
08/01/2016 18:15,38,1,100
08/01/2016 18:20,46,1,100
08/01/2016 18:25,49,1,100
08/01/2016 18:30,38,1,100
08/01/2016 18:35,46,1,100
08/01/2016 18:40,35,1,100
08/01/2016 18:45,38,1,100
08/01/2016 18:50,40,1,100
08/01/2016 18:55,48,1,100
08/01/2016 19:00,43,1,100
08/01/2016 19:05,37,1,100
08/01/2016 19:10,45,1,100
08/01/2016 19:15,44,1,100
08/01/2016 19:20,35,1,100
08/01/2016 19:25,40,1,100
08/01/2016 19:30,43,1,100
08/01/2016 19:35,40,1,100
08/01/2016 19:40,43,1,100
08/01/2016 19:45,39,1,100
08/01/2016 19:50,50,1,100
08/01/2016 19:55,38,1,100
08/01/2016 20:00,49,1,100
08/01/2016 20:05,26,1,100
08/01/2016 20:10,42,1,100
08/01/2016 20:15,33,1,100
08/01/2016 20:20,34,1,100
08/01/2016 20:25,21,1,100
08/01/2016 20:30,30,1,100
08/01/2016 20:35,30,1,100
08/01/2016 20:40,28,1,100
08/01/2016 20:45,28,1,100
08/01/2016 20:50,24,1,100
08/01/2016 20:55,31,1,100
08/01/2016 21:00,23,1,100
08/01/2016 21:05,31,1,100
08/01/2016 21:10,26,1,100
08/01/2016 21:15,25,1,100
08/01/2016 21:20,27,1,100
08/01/2016 21:25,25,1,100
08/01/2016 21:30,20,1,100
08/01/2016 21:35,25,1,100
08/01/2016 21:40,22,1,100
08/01/2016 21:45,23,1,100
08/01/2016 21:50,20,1,100
08/01/2016 21:55,23,1,100
08/01/2016 22:00,20,1,100
08/01/2016 22:05,19,1,100
08/01/2016 22:10,23,1,100
08/01/2016 22:15,25,1,100
08/01/2016 22:20,17,1,100
08/01/2016 22:25,17,1,100
08/01/2016 22:30,21,1,100
08/01/2016 22:35,16,1,100
08/01/2016 22:40,15,1,100
08/01/2016 22:45,20,1,100
08/01/2016 22:50,21,1,100
08/01/2016 22:55,15,1,100
08/01/2016 23:00,14,1,100
08/01/2016 23:05,11,1,100
08/01/2016 23:10,13,1,100
08/01/2016 23:15,9,1,100
08/01/2016 23:20,16,1,100
08/01/2016 23:25,11,1,100
08/01/2016 23:30,12,1,100
08/01/2016 23:35,12,1,100
08/01/2016 23:40,11,1,100
08/01/2016 23:45,10,1,100
08/01/2016 23:50,12,1,100
08/01/2016 23:55,11,1,100
11/01/2016 00:00,4,1,100
11/01/2016 00:05,5,1,100
11/01/2016 00:10,5,1,100
11/01/2016 00:15,7,1,100
11/01/2016 00:20,7,1,100
11/01/2016 00:25,6,1,100
11/01/2016 00:30,7,1,100
11/01/2016 00:35,7,1,100
11/01/2016 00:40,11,1,100
11/01/2016 00:45,10,1,100
11/01/2016 00:50,7,1,100
11/01/2016 00:55,8,1,100
11/01/2016 01:00,9,1,100
11/01/2016 01:05,6,1,100
11/01/2016 01:10,5,1,100
11/01/2016 01:15,6,1,100
11/01/2016 01:20,7,1,100
11/01/2016 01:25,5,1,100
11/01/2016 01:30,1,1,100
11/01/2016 01:35,4,1,100
11/01/2016 01:40,2,1,100
11/01/2016 01:45,0,1,100
11/01/2016 01:50,2,1,100
11/01/2016 01:55,4,1,100
11/01/2016 02:00,3,1,100
11/01/2016 02:05,4,1,100
11/01/2016 02:10,3,1,100
11/01/2016 02:15,2,1,100
11/01/2016 02:20,4,1,100
11/01/2016 02:25,2,1,100
11/01/2016 02:30,3,1,100
11/01/2016 02:35,4,1,100
11/01/2016 02:40,5,1,100
11/01/2016 02:45,2,1,100
11/01/2016 02:50,3,1,100
11/01/2016 02:55,3,1,100
11/01/2016 03:00,5,1,100
11/01/2016 03:05,2,1,100
11/01/2016 03:10,3,1,100
11/01/2016 03:15,3,1,100
11/01/2016 03:20,2,1,100
11/01/2016 03:25,4,1,100
11/01/2016 03:30,6,1,100
11/01/2016 03:35,4,1,100
11/01/2016 03:40,5,1,100
11/01/2016 03:45,4,1,100
11/01/2016 03:50,7,1,100
11/01/2016 03:55,5,1,100
11/01/2016 04:00,5,1,100
11/01/2016 04:05,9,1,100
11/01/2016 04:10,7,1,100
11/01/2016 04:15,13,1,100
11/01/2016 04:20,12,1,100
11/01/2016 04:25,11,1,100
11/01/2016 04:30,12,1,100
11/01/2016 04:35,11,1,100
11/01/2016 04:40,16,1,100
11/01/2016 04:45,20,1,100
11/01/2016 04:50,23,1,100
11/01/2016 04:55,28,1,100
11/01/2016 05:00,32,1,100
11/01/2016 05:05,31,1,100
11/01/2016 05:10,28,1,100
11/01/2016 05:15,29,1,100
11/01/2016 05:20,31,1,100
11/01/2016 05:25,45,1,100
11/01/2016 05:30,44,1,100
11/01/2016 05:35,51,1,100
11/01/2016 05:40,46,1,100
11/01/2016 05:45,52,1,100
11/01/2016 05:50,57,1,100
11/01/2016 05:55,54,1,100
11/01/2016 06:00,50,1,100
11/01/2016 06:05,56,1,100
11/01/2016 06:10,58,1,100
11/01/2016 06:15,76,1,100
11/01/2016 06:20,75,1,100
11/01/2016 06:25,70,1,100
11/01/2016 06:30,77,1,100
11/01/2016 06:35,76,1,100
11/01/2016 06:40,84,1,100
11/01/2016 06:45,87,1,100
11/01/2016 06:50,81,1,100
11/01/2016 06:55,77,1,100
11/01/2016 07:00,83,1,100
11/01/2016 07:05,78,1,100
11/01/2016 07:10,62,1,100
11/01/2016 07:15,65,1,100
11/01/2016 07:20,62,1,100
11/01/2016 07:25,51,1,100
11/01/2016 07:30,38,1,100
11/01/2016 07:35,43,1,100
11/01/2016 07:40,38,1,100
11/01/2016 07:45,44,1,100
11/01/2016 07:50,39,1,100
11/01/2016 07:55,41,1,100
11/01/2016 08:00,35,1,100
11/01/2016 08:05,48,1,100
11/01/2016 08:10,38,1,100
11/01/2016 08:15,38,1,100
11/01/2016 08:20,39,1,100
11/01/2016 08:25,38,1,100
11/01/2016 08:30,44,1,100
11/01/2016 08:35,41,1,100
11/01/2016 08:40,38,1,100
11/01/2016 08:45,44,1,100
11/01/2016 08:50,39,1,100
11/01/2016 08:55,47,1,100
11/01/2016 09:00,35,1,100
11/01/2016 09:05,39,1,100
11/01/2016 09:10,41,1,100
11/01/2016 09:15,46,1,100
11/01/2016 09:20,47,1,100
11/01/2016 09:25,42,1,100
11/01/2016 09:30,54,1,100
11/01/2016 09:35,44,1,100
11/01/2016 09:40,53,1,100
11/01/2016 09:45,42,1,100
11/01/2016 09:50,51,1,100
11/01/2016 09:55,48,1,100
11/01/2016 10:00,39,1,100
11/01/2016 10:05,52,1,100
11/01/2016 10:10,51,1,100
11/01/2016 10:15,49,1,100
11/01/2016 10:20,53,1,100
11/01/2016 10:25,56,1,100
11/01/2016 10:30,53,1,100
11/01/2016 10:35,64,1,100
11/01/2016 10:40,55,1,100
11/01/2016 10:45,47,1,100
11/01/2016 10:50,57,1,100
11/01/2016 10:55,44,1,100
11/01/2016 11:00,55,1,100
11/01/2016 11:05,47,1,100
11/01/2016 11:10,45,1,100
11/01/2016 11:15,56,1,100
11/01/2016 11:20,48,1,100
11/01/2016 11:25,57,1,100
11/01/2016 11:30,51,1,100
11/01/2016 11:35,49,1,100
11/01/2016 11:40,52,1,100
11/01/2016 11:45,51,1,100
11/01/2016 11:50,55,1,100
11/01/2016 11:55,44,1,100
11/01/2016 12:00,52,1,100
11/01/2016 12:05,48,1,100
11/01/2016 12:10,41,1,100
11/01/2016 12:15,55,1,100
11/01/2016 12:20,52,1,100
11/01/2016 12:25,43,1,100
11/01/2016 12:30,42,1,100
11/01/2016 12:35,36,1,100
11/01/2016 12:40,42,1,100
11/01/2016 12:45,42,1,100
11/01/2016 12:50,42,1,100
11/01/2016 12:55,50,1,100
11/01/2016 13:00,45,1,100
11/01/2016 13:05,50,1,100
11/01/2016 13:10,44,1,100
11/01/2016 13:15,45,1,100
11/01/2016 13:20,46,1,100
11/01/2016 13:25,45,1,100
11/01/2016 13:30,47,1,100
11/01/2016 13:35,46,1,100
11/01/2016 13:40,43,1,100
11/01/2016 13:45,40,1,100
11/01/2016 13:50,51,1,100
11/01/2016 13:55,41,1,100
11/01/2016 14:00,44,1,100
11/01/2016 14:05,44,1,100
11/01/2016 14:10,45,1,100
11/01/2016 14:15,53,1,100
11/01/2016 14:20,55,1,100
11/01/2016 14:25,52,1,100
11/01/2016 14:30,41,1,100
11/01/2016 14:35,43,1,100
11/01/2016 14:40,50,1,100
11/01/2016 14:45,60,1,100
11/01/2016 14:50,53,1,100
11/01/2016 14:55,47,1,100
11/01/2016 15:00,47,1,100
11/01/2016 15:05,48,1,100
11/01/2016 15:10,40,1,100
11/01/2016 15:15,52,1,100
11/01/2016 15:20,49,1,100
11/01/2016 15:25,60,1,100
11/01/2016 15:30,49,1,100
11/01/2016 15:35,52,1,100
11/01/2016 15:40,46,1,100
11/01/2016 15:45,57,1,100
11/01/2016 15:50,48,1,100
11/01/2016 15:55,48,1,100
11/01/2016 16:00,56,1,100
11/01/2016 16:05,41,1,100
11/01/2016 16:10,50,1,100
11/01/2016 16:15,44,1,100
11/01/2016 16:20,56,1,100
11/01/2016 16:25,55,1,100
11/01/2016 16:30,49,1,100
11/01/2016 16:35,40,1,100
11/01/2016 16:40,44,1,100
11/01/2016 16:45,56,1,100
11/01/2016 16:50,46,1,100
11/01/2016 16:55,52,1,100
11/01/2016 17:00,44,1,100
11/01/2016 17:05,36,1,100
11/01/2016 17:10,48,1,100
11/01/2016 17:15,50,1,100
11/01/2016 17:20,47,1,100
11/01/2016 17:25,51,1,100
11/01/2016 17:30,45,1,100
11/01/2016 17:35,41,1,100
11/01/2016 17:40,42,1,100
11/01/2016 17:45,55,1,100
11/01/2016 17:50,47,1,100
11/01/2016 17:55,51,1,100
11/01/2016 18:00,37,1,100
11/01/2016 18:05,40,1,100
11/01/2016 18:10,40,1,100
11/01/2016 18:15,36,1,100
11/01/2016 18:20,38,1,100
11/01/2016 18:25,45,1,100
11/01/2016 18:30,40,1,100
11/01/2016 18:35,36,1,100
11/01/2016 18:40,36,1,100
11/01/2016 18:45,39,1,100
11/01/2016 18:50,31,1,100
11/01/2016 18:55,29,1,100
11/01/2016 19:00,41,1,100
11/01/2016 19:05,32,1,100
11/01/2016 19:10,28,1,100
11/01/2016 19:15,26,1,100
11/01/2016 19:20,33,1,100
11/01/2016 19:25,24,1,100
11/01/2016 19:30,24,1,100
11/01/2016 19:35,31,1,100
11/01/2016 19:40,25,1,100
11/01/2016 19:45,25,1,100
11/01/2016 19:50,31,1,100
11/01/2016 19:55,26,1,100
11/01/2016 20:00,28,1,100
11/01/2016 20:05,28,1,100
11/01/2016 20:10,22,1,100
11/01/2016 20:15,31,1,100
11/01/2016 20:20,19,1,100
11/01/2016 20:25,25,1,100
11/01/2016 20:30,25,1,100
11/01/2016 20:35,22,1,100
11/01/2016 20:40,20,1,100
11/01/2016 20:45,21,1,100
11/01/2016 20:50,21,1,100
11/01/2016 20:55,16,1,100
11/01/2016 21:00,19,1,100
11/01/2016 21:05,17,1,100
11/01/2016 21:10,13,1,100
11/01/2016 21:15,23,1,100
11/01/2016 21:20,20,1,100
11/01/2016 21:25,24,1,100
11/01/2016 21:30,27,1,100
11/01/2016 21:35,18,1,100
11/01/2016 21:40,18,1,100
11/01/2016 21:45,19,1,100
11/01/2016 21:50,12,1,100
11/01/2016 21:55,21,1,100
11/01/2016 22:00,17,1,100
11/01/2016 22:05,17,1,100
11/01/2016 22:10,11,1,100
11/01/2016 22:15,21,1,100
11/01/2016 22:20,15,1,100
11/01/2016 22:25,11,1,100
11/01/2016 22:30,12,1,100
11/01/2016 22:35,13,1,100
11/01/2016 22:40,12,1,100
11/01/2016 22:45,13,1,100
11/01/2016 22:50,10,1,100
11/01/2016 22:55,11,1,100
11/01/2016 23:00,9,1,100
11/01/2016 23:05,13,1,100
11/01/2016 23:10,11,1,100
11/01/2016 23:15,8,1,100
11/01/2016 23:20,4,1,100
11/01/2016 23:25,6,1,100
11/01/2016 23:30,8,1,100
11/01/2016 23:35,5,1,100
11/01/2016 23:40,6,1,100
11/01/2016 23:45,8,1,100
11/01/2016 23:50,7,1,100
11/01/2016 23:55,5,1,100
12/01/2016 00:00,3,1,100
12/01/2016 00:05,6,1,100
12/01/2016 00:10,3,1,100
12/01/2016 00:15,5,1,100
12/01/2016 00:20,5,1,100
12/01/2016 00:25,5,1,100
12/01/2016 00:30,4,1,100
12/01/2016 00:35,2,1,100
12/01/2016 00:40,3,1,100
12/01/2016 00:45,4,1,100
12/01/2016 00:50,6,1,100
12/01/2016 00:55,2,1,100
12/01/2016 01:00,5,1,100
12/01/2016 01:05,3,1,100
12/01/2016 01:10,1,1,100
12/01/2016 01:15,4,1,100
12/01/2016 01:20,3,1,100
12/01/2016 01:25,3,1,100
12/01/2016 01:30,5,1,100
12/01/2016 01:35,3,1,100
12/01/2016 01:40,5,1,100
12/01/2016 01:45,2,1,100
12/01/2016 01:50,3,1,100
12/01/2016 01:55,1,1,100
12/01/2016 02:00,3,1,100
12/01/2016 02:05,4,1,100
12/01/2016 02:10,3,1,100
12/01/2016 02:15,3,1,100
12/01/2016 02:20,1,1,100
12/01/2016 02:25,2,1,100
12/01/2016 02:30,3,1,100
12/01/2016 02:35,2,1,100
12/01/2016 02:40,5,1,100
12/01/2016 02:45,2,1,100
12/01/2016 02:50,3,1,100
12/01/2016 02:55,1,1,100
12/01/2016 03:00,2,1,100
12/01/2016 03:05,1,1,100
12/01/2016 03:10,5,1,100
12/01/2016 03:15,2,1,100
12/01/2016 03:20,2,1,100
12/01/2016 03:25,6,1,100
12/01/2016 03:30,4,1,100
12/01/2016 03:35,5,1,100
12/01/2016 03:40,4,1,100
12/01/2016 03:45,4,1,100
12/01/2016 03:50,7,1,100
12/01/2016 03:55,4,1,100
12/01/2016 04:00,5,1,100
12/01/2016 04:05,8,1,100
12/01/2016 04:10,8,1,100
12/01/2016 04:15,7,1,100
12/01/2016 04:20,7,1,100
12/01/2016 04:25,10,1,100
12/01/2016 04:30,9,1,100
12/01/2016 04:35,12,1,100
12/01/2016 04:40,19,1,100
12/01/2016 04:45,18,1,100
12/01/2016 04:50,23,1,100
12/01/2016 04:55,23,1,100
12/01/2016 05:00,27,1,100
12/01/2016 05:05,34,1,100
12/01/2016 05:10,29,1,100
12/01/2016 05:15,35,1,100
12/01/2016 05:20,34,1,100
12/01/2016 05:25,42,1,100
12/01/2016 05:30,42,1,100
12/01/2016 05:35,47,1,100
12/01/2016 05:40,52,1,100
12/01/2016 05:45,56,1,100
12/01/2016 05:50,44,1,100
12/01/2016 05:55,50,1,100
12/01/2016 06:00,52,1,100
12/01/2016 06:05,50,1,100
12/01/2016 06:10,64,1,100
12/01/2016 06:15,66,1,100
12/01/2016 06:20,67,1,100
12/01/2016 06:25,79,1,100
12/01/2016 06:30,80,1,100
12/01/2016 06:35,84,1,100
12/01/2016 06:40,77,1,100
12/01/2016 06:45,99,1,100
12/01/2016 06:50,76,1,100
12/01/2016 06:55,71,1,100
12/01/2016 07:00,75,1,100
12/01/2016 07:05,75,1,100
12/01/2016 07:10,68,1,100
12/01/2016 07:15,70,1,100
12/01/2016 07:20,68,1,100
12/01/2016 07:25,56,1,100
12/01/2016 07:30,47,1,100
12/01/2016 07:35,31,1,100
12/01/2016 07:40,42,1,100
12/01/2016 07:45,39,1,100
12/01/2016 07:50,36,1,100
12/01/2016 07:55,38,1,100
12/01/2016 08:00,39,1,100
12/01/2016 08:05,33,1,100
12/01/2016 08:10,32,1,100
12/01/2016 08:15,37,1,100
12/01/2016 08:20,36,1,100
12/01/2016 08:25,32,1,100
12/01/2016 08:30,36,1,100
12/01/2016 08:35,37,1,100
12/01/2016 08:40,42,1,100
12/01/2016 08:45,35,1,100
12/01/2016 08:50,38,1,100
12/01/2016 08:55,34,1,100
12/01/2016 09:00,39,1,100
12/01/2016 09:05,38,1,100
12/01/2016 09:10,31,1,100
12/01/2016 09:15,44,1,100
12/01/2016 09:20,54,1,100
12/01/2016 09:25,56,1,100
12/01/2016 09:30,55,1,100
12/01/2016 09:35,52,1,100
12/01/2016 09:40,57,1,100
12/01/2016 09:45,57,1,100
12/01/2016 09:50,53,1,100
12/01/2016 09:55,51,1,100
12/01/2016 10:00,62,1,100
12/01/2016 10:05,52,1,100
12/01/2016 10:10,55,1,100
12/01/2016 10:15,61,1,100
12/01/2016 10:20,54,1,100
12/01/2016 10:25,52,1,100
12/01/2016 10:30,57,1,100
12/01/2016 10:35,58,1,100
12/01/2016 10:40,53,1,100
12/01/2016 10:45,58,1,100
12/01/2016 10:50,52,1,100
12/01/2016 10:55,51,1,100
12/01/2016 11:00,47,1,100
12/01/2016 11:05,46,1,100
12/01/2016 11:10,47,1,100
12/01/2016 11:15,47,1,100
12/01/2016 11:20,50,1,100
12/01/2016 11:25,49,1,100
12/01/2016 11:30,61,1,100
12/01/2016 11:35,48,1,100
12/01/2016 11:40,42,1,100
12/01/2016 11:45,55,1,100
12/01/2016 11:50,29,1,100
12/01/2016 11:55,40,1,100
12/01/2016 12:00,50,1,100
12/01/2016 12:05,47,1,100
12/01/2016 12:10,42,1,100
12/01/2016 12:15,50,1,100
12/01/2016 12:20,49,1,100
12/01/2016 12:25,39,1,100
12/01/2016 12:30,41,1,100
12/01/2016 12:35,48,1,100
12/01/2016 12:40,54,1,100
12/01/2016 12:45,55,1,100
12/01/2016 12:50,47,1,100
12/01/2016 12:55,50,1,100
12/01/2016 13:00,48,1,100
12/01/2016 13:05,43,1,100
12/01/2016 13:10,41,1,100
12/01/2016 13:15,38,1,100
12/01/2016 13:20,57,1,100
12/01/2016 13:25,49,1,100
12/01/2016 13:30,52,1,100
12/01/2016 13:35,49,1,100
12/01/2016 13:40,48,1,100
12/01/2016 13:45,45,1,100
12/01/2016 13:50,51,1,100
12/01/2016 13:55,46,1,100
12/01/2016 14:00,50,1,100
12/01/2016 14:05,43,1,100
12/01/2016 14:10,49,1,100
12/01/2016 14:15,58,1,100
12/01/2016 14:20,53,1,100
12/01/2016 14:25,49,1,100
12/01/2016 14:30,38,1,100
12/01/2016 14:35,51,1,100
12/01/2016 14:40,46,1,100
12/01/2016 14:45,55,1,100
12/01/2016 14:50,48,1,100
12/01/2016 14:55,54,1,100
12/01/2016 15:00,56,1,100
12/01/2016 15:05,47,1,100
12/01/2016 15:10,45,1,100
12/01/2016 15:15,53,1,100
12/01/2016 15:20,47,1,100
12/01/2016 15:25,49,1,100
12/01/2016 15:30,48,1,100
12/01/2016 15:35,48,1,100
12/01/2016 15:40,49,1,100
12/01/2016 15:45,53,1,100
12/01/2016 15:50,56,1,100
12/01/2016 15:55,61,1,100
12/01/2016 16:00,56,1,100
12/01/2016 16:05,53,1,100
12/01/2016 16:10,45,1,100
12/01/2016 16:15,47,1,100
12/01/2016 16:20,46,1,100
12/01/2016 16:25,51,1,100
12/01/2016 16:30,43,1,100
12/01/2016 16:35,39,1,100
12/01/2016 16:40,50,1,100
12/01/2016 16:45,56,1,100
12/01/2016 16:50,50,1,100
12/01/2016 16:55,52,1,100
12/01/2016 17:00,41,1,100
12/01/2016 17:05,50,1,100
12/01/2016 17:10,54,1,100
12/01/2016 17:15,46,1,100
12/01/2016 17:20,51,1,100
12/01/2016 17:25,44,1,100
12/01/2016 17:30,46,1,100
12/01/2016 17:35,41,1,100
12/01/2016 17:40,44,1,100
12/01/2016 17:45,44,1,100
12/01/2016 17:50,37,1,100
12/01/2016 17:55,38,1,100
12/01/2016 18:00,36,1,100
12/01/2016 18:05,38,1,100
12/01/2016 18:10,39,1,100
12/01/2016 18:15,43,1,100
12/01/2016 18:20,43,1,100
12/01/2016 18:25,41,1,100
12/01/2016 18:30,32,1,100
12/01/2016 18:35,44,1,100
12/01/2016 18:40,38,1,100
12/01/2016 18:45,37,1,100
12/01/2016 18:50,39,1,100
12/01/2016 18:55,38,1,100
12/01/2016 19:00,37,1,100
12/01/2016 19:05,39,1,100
12/01/2016 19:10,35,1,100
12/01/2016 19:15,37,1,100
12/01/2016 19:20,31,1,100
12/01/2016 19:25,35,1,100
12/01/2016 19:30,36,1,100
12/01/2016 19:35,38,1,100
12/01/2016 19:40,37,1,100
12/01/2016 19:45,41,1,100
12/01/2016 19:50,35,1,100
12/01/2016 19:55,30,1,100
12/01/2016 20:00,26,1,100
12/01/2016 20:05,24,1,100
12/01/2016 20:10,28,1,100
12/01/2016 20:15,29,1,100
12/01/2016 20:20,28,1,100
12/01/2016 20:25,22,1,100
12/01/2016 20:30,26,1,100
12/01/2016 20:35,22,1,100
12/01/2016 20:40,24,1,100
12/01/2016 20:45,23,1,100
12/01/2016 20:50,22,1,100
12/01/2016 20:55,25,1,100
12/01/2016 21:00,19,1,100
12/01/2016 21:05,21,1,100
12/01/2016 21:10,24,1,100
12/01/2016 21:15,21,1,100
12/01/2016 21:20,24,1,100
12/01/2016 21:25,19,1,100
12/01/2016 21:30,22,1,100
12/01/2016 21:35,24,1,100
12/01/2016 21:40,15,1,100
12/01/2016 21:45,22,1,100
12/01/2016 21:50,16,1,100
12/01/2016 21:55,14,1,100
12/01/2016 22:00,15,1,100
12/01/2016 22:05,15,1,100
12/01/2016 22:10,15,1,100
12/01/2016 22:15,18,1,100
12/01/2016 22:20,14,1,100
12/01/2016 22:25,12,1,100
12/01/2016 22:30,14,1,100
12/01/2016 22:35,11,1,100
12/01/2016 22:40,13,1,100
12/01/2016 22:45,10,1,100
12/01/2016 22:50,10,1,100
12/01/2016 22:55,8,1,100
12/01/2016 23:00,13,1,100
12/01/2016 23:05,13,1,100
12/01/2016 23:10,10,1,100
12/01/2016 23:15,13,1,100
12/01/2016 23:20,10,1,100
12/01/2016 23:25,7,1,100
12/01/2016 23:30,5,1,100
12/01/2016 23:35,8,1,100
12/01/2016 23:40,6,1,100
12/01/2016 23:45,8,1,100
12/01/2016 23:50,8,1,100
12/01/2016 23:55,9,1,100
13/01/2016 00:00,9,1,100
13/01/2016 00:05,4,1,100
13/01/2016 00:10,6,1,100
13/01/2016 00:15,5,1,100
13/01/2016 00:20,5,1,100
13/01/2016 00:25,6,1,100
13/01/2016 00:30,9,1,100
13/01/2016 00:35,4,1,100
13/01/2016 00:40,4,1,100
13/01/2016 00:45,4,1,100
13/01/2016 00:50,4,1,100
13/01/2016 00:55,2,1,100
13/01/2016 01:00,2,1,100
13/01/2016 01:05,5,1,100
13/01/2016 01:10,2,1,100
13/01/2016 01:15,2,1,100
13/01/2016 01:20,3,1,100
13/01/2016 01:25,2,1,100
13/01/2016 01:30,1,1,100
13/01/2016 01:35,3,1,100
13/01/2016 01:40,1,1,100
13/01/2016 01:45,2,1,100
13/01/2016 01:50,2,1,100
13/01/2016 01:55,1,1,100
13/01/2016 02:00,2,1,100
13/01/2016 02:05,4,1,100
13/01/2016 02:10,2,1,100
13/01/2016 02:15,3,1,100
13/01/2016 02:20,3,1,100
13/01/2016 02:25,2,1,100
13/01/2016 02:30,2,1,100
13/01/2016 02:35,1,1,100
13/01/2016 02:40,2,1,100
13/01/2016 02:45,3,1,100
13/01/2016 02:50,2,1,100
13/01/2016 02:55,2,1,100
13/01/2016 03:00,3,1,100
13/01/2016 03:05,2,1,100
13/01/2016 03:10,2,1,100
13/01/2016 03:15,3,1,100
13/01/2016 03:20,1,1,100
13/01/2016 03:25,2,1,100
13/01/2016 03:30,2,1,100
13/01/2016 03:35,4,1,100
13/01/2016 03:40,4,1,100
13/01/2016 03:45,7,1,100
13/01/2016 03:50,3,1,100
13/01/2016 03:55,4,1,100
13/01/2016 04:00,3,1,100
13/01/2016 04:05,7,1,100
13/01/2016 04:10,7,1,100
13/01/2016 04:15,7,1,100
13/01/2016 04:20,6,1,100
13/01/2016 04:25,10,1,100
13/01/2016 04:30,14,1,100
13/01/2016 04:35,13,1,100
13/01/2016 04:40,15,1,100
13/01/2016 04:45,15,1,100
13/01/2016 04:50,21,1,100
13/01/2016 04:55,20,1,100
13/01/2016 05:00,20,1,100
13/01/2016 05:05,25,1,100
13/01/2016 05:10,27,1,100
13/01/2016 05:15,24,1,100
13/01/2016 05:20,34,1,100
13/01/2016 05:25,36,1,100
13/01/2016 05:30,38,1,100
13/01/2016 05:35,44,1,100
13/01/2016 05:40,52,1,100
13/01/2016 05:45,50,1,100
13/01/2016 05:50,46,1,100
13/01/2016 05:55,47,1,100
13/01/2016 06:00,49,1,100
13/01/2016 06:05,49,1,100
13/01/2016 06:10,57,1,100
13/01/2016 06:15,61,1,100
13/01/2016 06:20,61,1,100
13/01/2016 06:25,71,1,100
13/01/2016 06:30,78,1,100
13/01/2016 06:35,88,1,100
13/01/2016 06:40,79,1,100
13/01/2016 06:45,83,1,100
13/01/2016 06:50,92,1,100
13/01/2016 06:55,71,1,100
13/01/2016 07:00,73,1,100
13/01/2016 07:05,74,1,100
13/01/2016 07:10,66,1,100
13/01/2016 07:15,68,1,100
13/01/2016 07:20,62,1,100
13/01/2016 07:25,50,1,100
13/01/2016 07:30,47,1,100
13/01/2016 07:35,44,1,100
13/01/2016 07:40,43,1,100
13/01/2016 07:45,40,1,100
13/01/2016 07:50,42,1,100
13/01/2016 07:55,36,1,100
13/01/2016 08:00,46,1,100
13/01/2016 08:05,40,1,100
13/01/2016 08:10,38,1,100
13/01/2016 08:15,45,1,100
13/01/2016 08:20,42,1,100
13/01/2016 08:25,36,1,100
13/01/2016 08:30,36,1,100
13/01/2016 08:35,42,1,100
13/01/2016 08:40,38,1,100
13/01/2016 08:45,43,1,100
13/01/2016 08:50,36,1,100
13/01/2016 08:55,47,1,100
13/01/2016 09:00,44,1,100
13/01/2016 09:05,42,1,100
13/01/2016 09:10,59,1,100
13/01/2016 09:15,60,1,100
13/01/2016 09:20,57,1,100
13/01/2016 09:25,61,1,100
13/01/2016 09:30,63,1,100
13/01/2016 09:35,55,1,100
13/01/2016 09:40,57,1,100
13/01/2016 09:45,55,1,100
13/01/2016 09:50,53,1,100
13/01/2016 09:55,50,1,100
13/01/2016 10:00,51,1,100
13/01/2016 10:05,49,1,100
13/01/2016 10:10,61,1,100
13/01/2016 10:15,51,1,100
13/01/2016 10:20,56,1,100
13/01/2016 10:25,51,1,100
13/01/2016 10:30,55,1,100
13/01/2016 10:35,51,1,100
13/01/2016 10:40,56,1,100
13/01/2016 10:45,56,1,100
13/01/2016 10:50,50,1,100
13/01/2016 10:55,47,1,100
13/01/2016 11:00,44,1,100
13/01/2016 11:05,42,1,100
13/01/2016 11:10,56,1,100
13/01/2016 11:15,61,1,100
13/01/2016 11:20,57,1,100
13/01/2016 11:25,60,1,100
13/01/2016 11:30,61,1,100
13/01/2016 11:35,50,1,100
13/01/2016 11:40,51,1,100
13/01/2016 11:45,56,1,100
13/01/2016 11:50,55,1,100
13/01/2016 11:55,48,1,100
13/01/2016 12:00,42,1,100
13/01/2016 12:05,43,1,100
13/01/2016 12:10,42,1,100
13/01/2016 12:15,44,1,100
13/01/2016 12:20,58,1,100
13/01/2016 12:25,53,1,100
13/01/2016 12:30,51,1,100
13/01/2016 12:35,58,1,100
13/01/2016 12:40,53,1,100
13/01/2016 12:45,47,1,100
13/01/2016 12:50,45,1,100
13/01/2016 12:55,41,1,100
13/01/2016 13:00,40,1,100
13/01/2016 13:05,44,1,100
13/01/2016 13:10,46,1,100
13/01/2016 13:15,51,1,100
13/01/2016 13:20,45,1,100
13/01/2016 13:25,53,1,100
13/01/2016 13:30,41,1,100
13/01/2016 13:35,50,1,100
13/01/2016 13:40,51,1,100
13/01/2016 13:45,46,1,100
13/01/2016 13:50,52,1,100
13/01/2016 13:55,34,1,100
13/01/2016 14:00,49,1,100
13/01/2016 14:05,45,1,100
13/01/2016 14:10,47,1,100
13/01/2016 14:15,54,1,100
13/01/2016 14:20,45,1,100
13/01/2016 14:25,54,1,100
13/01/2016 14:30,49,1,100
13/01/2016 14:35,51,1,100
13/01/2016 14:40,52,1,100
13/01/2016 14:45,53,1,100
13/01/2016 14:50,57,1,100
13/01/2016 14:55,51,1,100
13/01/2016 15:00,48,1,100
13/01/2016 15:05,43,1,100
13/01/2016 15:10,48,1,100
13/01/2016 15:15,56,1,100
13/01/2016 15:20,59,1,100
13/01/2016 15:25,62,1,100
13/01/2016 15:30,46,1,100
13/01/2016 15:35,60,1,100
13/01/2016 15:40,54,1,100
13/01/2016 15:45,51,1,100
13/01/2016 15:50,47,1,100
13/01/2016 15:55,49,1,100
13/01/2016 16:00,49,1,100
13/01/2016 16:05,50,1,100
13/01/2016 16:10,58,1,100
13/01/2016 16:15,60,1,100
13/01/2016 16:20,57,1,100
13/01/2016 16:25,47,1,100
13/01/2016 16:30,54,1,100
13/01/2016 16:35,51,1,100
13/01/2016 16:40,53,1,100
13/01/2016 16:45,53,1,100
13/01/2016 16:50,49,1,100
13/01/2016 16:55,45,1,100
13/01/2016 17:00,53,1,100
13/01/2016 17:05,43,1,100
13/01/2016 17:10,48,1,100
13/01/2016 17:15,61,1,100
13/01/2016 17:20,57,1,100
13/01/2016 17:25,53,1,100
13/01/2016 17:30,49,1,100
13/01/2016 17:35,43,1,100
13/01/2016 17:40,45,1,100
13/01/2016 17:45,43,1,100
13/01/2016 17:50,35,1,100
13/01/2016 17:55,34,1,100
13/01/2016 18:00,45,1,100
13/01/2016 18:05,40,1,100
13/01/2016 18:10,32,1,100
13/01/2016 18:15,45,1,100
13/01/2016 18:20,44,1,100
13/01/2016 18:25,38,1,100
13/01/2016 18:30,37,1,100
13/01/2016 18:35,44,1,100
13/01/2016 18:40,44,1,100
13/01/2016 18:45,45,1,100
13/01/2016 18:50,37,1,100
13/01/2016 18:55,47,1,100
13/01/2016 19:00,38,1,100
13/01/2016 19:05,34,1,100
13/01/2016 19:10,38,1,100
13/01/2016 19:15,36,1,100
13/01/2016 19:20,33,1,100
13/01/2016 19:25,33,1,100
13/01/2016 19:30,26,1,100
13/01/2016 19:35,38,1,100
13/01/2016 19:40,32,1,100
13/01/2016 19:45,29,1,100
13/01/2016 19:50,34,1,100
13/01/2016 19:55,28,1,100
13/01/2016 20:00,29,1,100
13/01/2016 20:05,31,1,100
13/01/2016 20:10,23,1,100
13/01/2016 20:15,29,1,100
13/01/2016 20:20,28,1,100
13/01/2016 20:25,24,1,100
13/01/2016 20:30,23,1,100
13/01/2016 20:35,21,1,100
13/01/2016 20:40,23,1,100
13/01/2016 20:45,25,1,100
13/01/2016 20:50,25,1,100
13/01/2016 20:55,24,1,100
13/01/2016 21:00,19,1,100
13/01/2016 21:05,22,1,100
13/01/2016 21:10,27,1,100
13/01/2016 21:15,24,1,100
13/01/2016 21:20,23,1,100
13/01/2016 21:25,27,1,100
13/01/2016 21:30,23,1,100
13/01/2016 21:35,22,1,100
13/01/2016 21:40,21,1,100
13/01/2016 21:45,18,1,100
13/01/2016 21:50,16,1,100
13/01/2016 21:55,18,1,100
13/01/2016 22:00,17,1,100
13/01/2016 22:05,15,1,100
13/01/2016 22:10,14,1,100
13/01/2016 22:15,16,1,100
13/01/2016 22:20,18,1,100
13/01/2016 22:25,17,1,100
13/01/2016 22:30,16,1,100
13/01/2016 22:35,13,1,100
13/01/2016 22:40,15,1,100
13/01/2016 22:45,13,1,100
13/01/2016 22:50,11,1,100
13/01/2016 22:55,8,1,100
13/01/2016 23:00,8,1,100
13/01/2016 23:05,8,1,100
13/01/2016 23:10,9,1,100
13/01/2016 23:15,11,1,100
13/01/2016 23:20,9,1,100
13/01/2016 23:25,7,1,100
13/01/2016 23:30,6,1,100
13/01/2016 23:35,5,1,100
13/01/2016 23:40,10,1,100
13/01/2016 23:45,7,1,100
13/01/2016 23:50,6,1,100
13/01/2016 23:55,7,1,100
14/01/2016 00:00,5,1,100
14/01/2016 00:05,7,1,100
14/01/2016 00:10,4,1,100
14/01/2016 00:15,3,1,100
14/01/2016 00:20,3,1,100
14/01/2016 00:25,4,1,100
14/01/2016 00:30,4,1,100
14/01/2016 00:35,5,1,100
14/01/2016 00:40,4,1,100
14/01/2016 00:45,4,1,100
14/01/2016 00:50,3,1,100
14/01/2016 00:55,4,1,100
14/01/2016 01:00,1,1,100
14/01/2016 01:05,4,1,100
14/01/2016 01:10,1,1,100
14/01/2016 01:15,3,1,100
14/01/2016 01:20,2,1,100
14/01/2016 01:25,3,1,100
14/01/2016 01:30,4,1,100
14/01/2016 01:35,2,1,100
14/01/2016 01:40,3,1,100
14/01/2016 01:45,2,1,100
14/01/2016 01:50,2,1,100
14/01/2016 01:55,2,1,100
14/01/2016 02:00,3,1,100
14/01/2016 02:05,2,1,100
14/01/2016 02:10,5,1,100
14/01/2016 02:15,2,1,100
14/01/2016 02:20,2,1,100
14/01/2016 02:25,2,1,100
14/01/2016 02:30,3,1,100
14/01/2016 02:35,2,1,100
14/01/2016 02:40,2,1,100
14/01/2016 02:45,2,1,100
14/01/2016 02:50,3,1,100
14/01/2016 02:55,2,1,100
14/01/2016 03:00,1,1,100
14/01/2016 03:05,3,1,100
14/01/2016 03:10,3,1,100
14/01/2016 03:15,2,1,100
14/01/2016 03:20,1,1,100
14/01/2016 03:25,2,1,100
14/01/2016 03:30,3,1,100
14/01/2016 03:35,3,1,100
14/01/2016 03:40,2,1,100
14/01/2016 03:45,5,1,100
14/01/2016 03:50,2,1,100
14/01/2016 03:55,2,1,100
14/01/2016 04:00,4,1,100
14/01/2016 04:05,6,1,100
14/01/2016 04:10,11,1,100
14/01/2016 04:15,5,1,100
14/01/2016 04:20,7,1,100
14/01/2016 04:25,9,1,100
14/01/2016 04:30,11,1,100
14/01/2016 04:35,13,1,100
14/01/2016 04:40,11,1,100
14/01/2016 04:45,20,1,100
14/01/2016 04:50,24,1,100
14/01/2016 04:55,21,1,100
14/01/2016 05:00,23,1,100
14/01/2016 05:05,25,1,100
14/01/2016 05:10,35,1,100
14/01/2016 05:15,24,1,100
14/01/2016 05:20,34,1,100
14/01/2016 05:25,32,1,100
14/01/2016 05:30,43,1,100
14/01/2016 05:35,45,1,100
14/01/2016 05:40,51,1,100
14/01/2016 05:45,59,1,100
14/01/2016 05:50,44,1,100
14/01/2016 05:55,44,1,100
14/01/2016 06:00,44,1,100
14/01/2016 06:05,53,1,100
14/01/2016 06:10,60,1,100
14/01/2016 06:15,69,1,100
14/01/2016 06:20,69,1,100
14/01/2016 06:25,66,1,100
14/01/2016 06:30,74,1,100
14/01/2016 06:35,75,1,100
14/01/2016 06:40,81,1,100
14/01/2016 06:45,85,1,100
14/01/2016 06:50,78,1,100
14/01/2016 06:55,75,1,100
14/01/2016 07:00,79,1,100
14/01/2016 07:05,69,1,100
14/01/2016 07:10,70,1,100
14/01/2016 07:15,70,1,100
14/01/2016 07:20,73,1,100
14/01/2016 07:25,58,1,100
14/01/2016 07:30,49,1,100
14/01/2016 07:35,47,1,100
14/01/2016 07:40,42,1,100
14/01/2016 07:45,37,1,100
14/01/2016 07:50,42,1,100
14/01/2016 07:55,38,1,100
14/01/2016 08:00,40,1,100
14/01/2016 08:05,52,1,100
14/01/2016 08:10,42,1,100
14/01/2016 08:15,45,1,100
14/01/2016 08:20,49,1,100
14/01/2016 08:25,47,1,100
14/01/2016 08:30,43,1,100
14/01/2016 08:35,48,1,100
14/01/2016 08:40,41,1,100
14/01/2016 08:45,48,1,100
14/01/2016 08:50,46,1,100
14/01/2016 08:55,49,1,100
14/01/2016 09:00,45,1,100
14/01/2016 09:05,55,1,100
14/01/2016 09:10,50,1,100
14/01/2016 09:15,53,1,100
14/01/2016 09:20,57,1,100
14/01/2016 09:25,58,1,100
14/01/2016 09:30,67,1,100
14/01/2016 09:35,65,1,100
14/01/2016 09:40,66,1,100
14/01/2016 09:45,63,1,100
14/01/2016 09:50,56,1,100
14/01/2016 09:55,63,1,100
14/01/2016 10:00,56,1,100
14/01/2016 10:05,52,1,100
14/01/2016 10:10,56,1,100
14/01/2016 10:15,59,1,100
14/01/2016 10:20,54,1,100
14/01/2016 10:25,62,1,100
14/01/2016 10:30,60,1,100
14/01/2016 10:35,59,1,100
14/01/2016 10:40,57,1,100
14/01/2016 10:45,57,1,100
14/01/2016 10:50,51,1,100
14/01/2016 10:55,54,1,100
14/01/2016 11:00,45,1,100
14/01/2016 11:05,50,1,100
14/01/2016 11:10,51,1,100
14/01/2016 11:15,53,1,100
14/01/2016 11:20,63,1,100
14/01/2016 11:25,54,1,100
14/01/2016 11:30,57,1,100
14/01/2016 11:35,60,1,100
14/01/2016 11:40,54,1,100
14/01/2016 11:45,56,1,100
14/01/2016 11:50,50,1,100
14/01/2016 11:55,46,1,100
14/01/2016 12:00,52,1,100
14/01/2016 12:05,46,1,100
14/01/2016 12:10,39,1,100
14/01/2016 12:15,50,1,100
14/01/2016 12:20,47,1,100
14/01/2016 12:25,47,1,100
14/01/2016 12:30,42,1,100
14/01/2016 12:35,54,1,100
14/01/2016 12:40,53,1,100
14/01/2016 12:45,50,1,100
14/01/2016 12:50,47,1,100
14/01/2016 12:55,41,1,100
14/01/2016 13:00,49,1,100
14/01/2016 13:05,48,1,100
14/01/2016 13:10,44,1,100
14/01/2016 13:15,47,1,100
14/01/2016 13:20,56,1,100
14/01/2016 13:25,51,1,100
14/01/2016 13:30,51,1,100
14/01/2016 13:35,52,1,100
14/01/2016 13:40,50,1,100
14/01/2016 13:45,61,1,100
14/01/2016 13:50,44,1,100
14/01/2016 13:55,48,1,100
14/01/2016 14:00,45,1,100
14/01/2016 14:05,48,1,100
14/01/2016 14:10,48,1,100
14/01/2016 14:15,52,1,100
14/01/2016 14:20,60,1,100
14/01/2016 14:25,54,1,100
14/01/2016 14:30,49,1,100
14/01/2016 14:35,48,1,100
14/01/2016 14:40,48,1,100
14/01/2016 14:45,49,1,100
14/01/2016 14:50,42,1,100
14/01/2016 14:55,53,1,100
14/01/2016 15:00,54,1,100
14/01/2016 15:05,57,1,100
14/01/2016 15:10,45,1,100
14/01/2016 15:15,52,1,100
14/01/2016 15:20,61,1,100
14/01/2016 15:25,55,1,100
14/01/2016 15:30,46,1,100
14/01/2016 15:35,61,1,100
14/01/2016 15:40,58,1,100
14/01/2016 15:45,53,1,100
14/01/2016 15:50,52,1,100
14/01/2016 15:55,44,1,100
14/01/2016 16:00,54,1,100
14/01/2016 16:05,53,1,100
14/01/2016 16:10,43,1,100
14/01/2016 16:15,48,1,100
14/01/2016 16:20,50,1,100
14/01/2016 16:25,47,1,100
14/01/2016 16:30,46,1,100
14/01/2016 16:35,49,1,100
14/01/2016 16:40,56,1,100
14/01/2016 16:45,51,1,100
14/01/2016 16:50,43,1,100
14/01/2016 16:55,42,1,100
14/01/2016 17:00,50,1,100
14/01/2016 17:05,47,1,100
14/01/2016 17:10,52,1,100
14/01/2016 17:15,56,1,100
14/01/2016 17:20,57,1,100
14/01/2016 17:25,52,1,100
14/01/2016 17:30,45,1,100
14/01/2016 17:35,39,1,100
14/01/2016 17:40,39,1,100
14/01/2016 17:45,53,1,100
14/01/2016 17:50,47,1,100
14/01/2016 17:55,43,1,100
14/01/2016 18:00,32,1,100
14/01/2016 18:05,39,1,100
14/01/2016 18:10,42,1,100
14/01/2016 18:15,42,1,100
14/01/2016 18:20,46,1,100
14/01/2016 18:25,40,1,100
14/01/2016 18:30,43,1,100
14/01/2016 18:35,37,1,100
14/01/2016 18:40,41,1,100
14/01/2016 18:45,42,1,100
14/01/2016 18:50,41,1,100
14/01/2016 18:55,30,1,100
14/01/2016 19:00,38,1,100
14/01/2016 19:05,37,1,100
14/01/2016 19:10,40,1,100
14/01/2016 19:15,38,1,100
14/01/2016 19:20,41,1,100
14/01/2016 19:25,39,1,100
14/01/2016 19:30,39,1,100
14/01/2016 19:35,35,1,100
14/01/2016 19:40,42,1,100
14/01/2016 19:45,34,1,100
14/01/2016 19:50,31,1,100
14/01/2016 19:55,24,1,100
14/01/2016 20:00,34,1,100
14/01/2016 20:05,28,1,100
14/01/2016 20:10,34,1,100
14/01/2016 20:15,31,1,100
14/01/2016 20:20,32,1,100
14/01/2016 20:25,37,1,100
14/01/2016 20:30,22,1,100
14/01/2016 20:35,27,1,100
14/01/2016 20:40,25,1,100
14/01/2016 20:45,32,1,100
14/01/2016 20:50,23,1,100
14/01/2016 20:55,27,1,100
14/01/2016 21:00,26,1,100
14/01/2016 21:05,20,1,100
14/01/2016 21:10,23,1,100
14/01/2016 21:15,30,1,100
14/01/2016 21:20,23,1,100
14/01/2016 21:25,25,1,100
14/01/2016 21:30,20,1,100
14/01/2016 21:35,20,1,100
14/01/2016 21:40,19,1,100
14/01/2016 21:45,18,1,100
14/01/2016 21:50,18,1,100
14/01/2016 21:55,19,1,100
14/01/2016 22:00,21,1,100
14/01/2016 22:05,15,1,100
14/01/2016 22:10,18,1,100
14/01/2016 22:15,21,1,100
14/01/2016 22:20,18,1,100
14/01/2016 22:25,19,1,100
14/01/2016 22:30,11,1,100
14/01/2016 22:35,16,1,100
14/01/2016 22:40,10,1,100
14/01/2016 22:45,12,1,100
14/01/2016 22:50,10,1,100
14/01/2016 22:55,11,1,100
14/01/2016 23:00,11,1,100
14/01/2016 23:05,12,1,100
14/01/2016 23:10,9,1,100
14/01/2016 23:15,9,1,100
14/01/2016 23:20,10,1,100
14/01/2016 23:25,10,1,100
14/01/2016 23:30,10,1,100
14/01/2016 23:35,4,1,100
14/01/2016 23:40,9,1,100
14/01/2016 23:45,10,1,100
14/01/2016 23:50,6,1,100
14/01/2016 23:55,5,1,100
15/01/2016 00:00,7,1,100
15/01/2016 00:05,6,1,100
15/01/2016 00:10,5,1,100
15/01/2016 00:15,5,1,100
15/01/2016 00:20,5,1,100
15/01/2016 00:25,4,1,100
15/01/2016 00:30,5,1,100
15/01/2016 00:35,4,1,100
15/01/2016 00:40,6,1,100
15/01/2016 00:45,7,1,100
15/01/2016 00:50,5,1,100
15/01/2016 00:55,5,1,100
15/01/2016 01:00,5,1,100
15/01/2016 01:05,3,1,100
15/01/2016 01:10,2,1,100
15/01/2016 01:15,4,1,100
15/01/2016 01:20,2,1,100
15/01/2016 01:25,2,1,100
15/01/2016 01:30,2,1,100
15/01/2016 01:35,1,1,100
15/01/2016 01:40,3,1,100
15/01/2016 01:45,1,1,100
15/01/2016 01:50,2,1,100
15/01/2016 01:55,3,1,100
15/01/2016 02:00,4,1,100
15/01/2016 02:05,2,1,100
15/01/2016 02:10,2,1,100
15/01/2016 02:15,1,1,100
15/01/2016 02:20,2,1,100
15/01/2016 02:25,3,1,100
15/01/2016 02:30,3,1,100
15/01/2016 02:35,3,1,100
15/01/2016 02:40,4,1,100
15/01/2016 02:45,3,1,100
15/01/2016 02:50,3,1,100
15/01/2016 02:55,3,1,100
15/01/2016 03:00,4,1,100
15/01/2016 03:05,1,1,100
15/01/2016 03:10,3,1,100
15/01/2016 03:15,3,1,100
15/01/2016 03:20,1,1,100
15/01/2016 03:25,2,1,100
15/01/2016 03:30,1,1,100
15/01/2016 03:35,3,1,100
15/01/2016 03:40,4,1,100
15/01/2016 03:45,3,1,100
15/01/2016 03:50,3,1,100
15/01/2016 03:55,4,1,100
15/01/2016 04:00,2,1,100
15/01/2016 04:05,5,1,100
15/01/2016 04:10,9,1,100
15/01/2016 04:15,9,1,100
15/01/2016 04:20,5,1,100
15/01/2016 04:25,6,1,100
15/01/2016 04:30,7,1,100
15/01/2016 04:35,8,1,100
15/01/2016 04:40,17,1,100
15/01/2016 04:45,16,1,100
15/01/2016 04:50,19,1,100
15/01/2016 04:55,16,1,100
15/01/2016 05:00,17,1,100
15/01/2016 05:05,24,1,100
15/01/2016 05:10,23,1,100
15/01/2016 05:15,25,1,100
15/01/2016 05:20,27,1,100
15/01/2016 05:25,30,1,100
15/01/2016 05:30,34,1,100
15/01/2016 05:35,42,1,100
15/01/2016 05:40,44,1,100
15/01/2016 05:45,38,1,100
15/01/2016 05:50,42,1,100
15/01/2016 05:55,41,1,100
15/01/2016 06:00,50,1,100
15/01/2016 06:05,52,1,100
15/01/2016 06:10,60,1,100
15/01/2016 06:15,59,1,100
15/01/2016 06:20,62,1,100
15/01/2016 06:25,61,1,100
15/01/2016 06:30,71,1,100
15/01/2016 06:35,76,1,100
15/01/2016 06:40,78,1,100
15/01/2016 06:45,76,1,100
15/01/2016 06:50,73,1,100
15/01/2016 06:55,77,1,100
15/01/2016 07:00,80,1,100
15/01/2016 07:05,71,1,100
15/01/2016 07:10,73,1,100
15/01/2016 07:15,65,1,100
15/01/2016 07:20,63,1,100
15/01/2016 07:25,57,1,100
15/01/2016 07:30,61,1,100
15/01/2016 07:35,48,1,100
15/01/2016 07:40,46,1,100
15/01/2016 07:45,42,1,100
15/01/2016 07:50,42,1,100
15/01/2016 07:55,45,1,100
15/01/2016 08:00,48,1,100
15/01/2016 08:05,46,1,100
15/01/2016 08:10,50,1,100
15/01/2016 08:15,49,1,100
15/01/2016 08:20,47,1,100
15/01/2016 08:25,44,1,100
15/01/2016 08:30,43,1,100
15/01/2016 08:35,48,1,100
15/01/2016 08:40,46,1,100
15/01/2016 08:45,49,1,100
15/01/2016 08:50,43,1,100
15/01/2016 08:55,50,1,100
15/01/2016 09:00,44,1,100
15/01/2016 09:05,52,1,100
15/01/2016 09:10,50,1,100
15/01/2016 09:15,58,1,100
15/01/2016 09:20,60,1,100
15/01/2016 09:25,58,1,100
15/01/2016 09:30,59,1,100
15/01/2016 09:35,63,1,100
15/01/2016 09:40,59,1,100
15/01/2016 09:45,60,1,100
15/01/2016 09:50,54,1,100
15/01/2016 09:55,51,1,100
15/01/2016 10:00,56,1,100
15/01/2016 10:05,57,1,100
15/01/2016 10:10,53,1,100
15/01/2016 10:15,52,1,100
15/01/2016 10:20,56,1,100
15/01/2016 10:25,63,1,100
15/01/2016 10:30,55,1,100
15/01/2016 10:35,53,1,100
15/01/2016 10:40,63,1,100
15/01/2016 10:45,59,1,100
15/01/2016 10:50,50,1,100
15/01/2016 10:55,55,1,100
15/01/2016 11:00,54,1,100
15/01/2016 11:05,60,1,100
15/01/2016 11:10,52,1,100
15/01/2016 11:15,40,1,100
15/01/2016 11:20,55,1,100
15/01/2016 11:25,45,1,100
15/01/2016 11:30,53,1,100
15/01/2016 11:35,64,1,100
15/01/2016 11:40,53,1,100
15/01/2016 11:45,60,1,100
15/01/2016 11:50,61,1,100
15/01/2016 11:55,53,1,100
15/01/2016 12:00,54,1,100
15/01/2016 12:05,42,1,100
15/01/2016 12:10,59,1,100
15/01/2016 12:15,54,1,100
15/01/2016 12:20,53,1,100
15/01/2016 12:25,58,1,100
15/01/2016 12:30,59,1,100
15/01/2016 12:35,54,1,100
15/01/2016 12:40,49,1,100
15/01/2016 12:45,55,1,100
15/01/2016 12:50,60,1,100
15/01/2016 12:55,44,1,100
15/01/2016 13:00,65,1,100
15/01/2016 13:05,53,1,100
15/01/2016 13:10,47,1,100
15/01/2016 13:15,55,1,100
15/01/2016 13:20,63,1,100
15/01/2016 13:25,56,1,100
15/01/2016 13:30,55,1,100
15/01/2016 13:35,51,1,100
15/01/2016 13:40,52,1,100
15/01/2016 13:45,53,1,100
15/01/2016 13:50,60,1,100
15/01/2016 13:55,61,1,100
15/01/2016 14:00,59,1,100
15/01/2016 14:05,60,1,100
15/01/2016 14:10,52,1,100
15/01/2016 14:15,51,1,100
15/01/2016 14:20,58,1,100
15/01/2016 14:25,51,1,100
15/01/2016 14:30,40,1,100
15/01/2016 14:35,44,1,100
15/01/2016 14:40,57,1,100
15/01/2016 14:45,57,1,100
15/01/2016 14:50,58,1,100
15/01/2016 14:55,53,1,100
15/01/2016 15:00,62,1,100
15/01/2016 15:05,58,1,100
15/01/2016 15:10,50,1,100
15/01/2016 15:15,46,1,100
15/01/2016 15:20,59,1,100
15/01/2016 15:25,51,1,100
15/01/2016 15:30,47,1,100
15/01/2016 15:35,58,1,100
15/01/2016 15:40,48,1,100
15/01/2016 15:45,58,1,100
15/01/2016 15:50,53,1,100
15/01/2016 15:55,50,1,100
15/01/2016 16:00,56,1,100
15/01/2016 16:05,55,1,100
15/01/2016 16:10,46,1,100
15/01/2016 16:15,50,1,100
15/01/2016 16:20,48,1,100
15/01/2016 16:25,49,1,100
15/01/2016 16:30,50,1,100
15/01/2016 16:35,50,1,100
15/01/2016 16:40,44,1,100
15/01/2016 16:45,47,1,100
15/01/2016 16:50,42,1,100
15/01/2016 16:55,44,1,100
15/01/2016 17:00,51,1,100
15/01/2016 17:05,42,1,100
15/01/2016 17:10,48,1,100
15/01/2016 17:15,53,1,100
15/01/2016 17:20,44,1,100
15/01/2016 17:25,44,1,100
15/01/2016 17:30,42,1,100
15/01/2016 17:35,44,1,100
15/01/2016 17:40,52,1,100
15/01/2016 17:45,42,1,100
15/01/2016 17:50,42,1,100
15/01/2016 17:55,44,1,100
15/01/2016 18:00,32,1,100
15/01/2016 18:05,43,1,100
15/01/2016 18:10,37,1,100
15/01/2016 18:15,39,1,100
15/01/2016 18:20,42,1,100
15/01/2016 18:25,44,1,100
15/01/2016 18:30,40,1,100
15/01/2016 18:35,41,1,100
15/01/2016 18:40,37,1,100
15/01/2016 18:45,43,1,100
15/01/2016 18:50,47,1,100
15/01/2016 18:55,45,1,100
15/01/2016 19:00,48,1,100
15/01/2016 19:05,60,1,100
15/01/2016 19:10,51,1,100
15/01/2016 19:15,48,1,100
15/01/2016 19:20,45,1,100
15/01/2016 19:25,48,1,100
15/01/2016 19:30,47,1,100
15/01/2016 19:35,42,1,100
15/01/2016 19:40,39,1,100
15/01/2016 19:45,44,1,100
15/01/2016 19:50,38,1,100
15/01/2016 19:55,37,1,100
15/01/2016 20:00,37,1,100
15/01/2016 20:05,38,1,100
15/01/2016 20:10,34,1,100
15/01/2016 20:15,34,1,100
15/01/2016 20:20,30,1,100
15/01/2016 20:25,32,1,100
15/01/2016 20:30,32,1,100
15/01/2016 20:35,29,1,100
15/01/2016 20:40,26,1,100
15/01/2016 20:45,26,1,100
15/01/2016 20:50,27,1,100
15/01/2016 20:55,25,1,100
15/01/2016 21:00,23,1,100
15/01/2016 21:05,28,1,100
15/01/2016 21:10,30,1,100
15/01/2016 21:15,25,1,100
15/01/2016 21:20,25,1,100
15/01/2016 21:25,22,1,100
15/01/2016 21:30,24,1,100
15/01/2016 21:35,27,1,100
15/01/2016 21:40,26,1,100
15/01/2016 21:45,21,1,100
15/01/2016 21:50,23,1,100
15/01/2016 21:55,24,1,100
15/01/2016 22:00,18,1,100
15/01/2016 22:05,19,1,100
15/01/2016 22:10,19,1,100
15/01/2016 22:15,23,1,100
15/01/2016 22:20,30,1,100
15/01/2016 22:25,22,1,100
15/01/2016 22:30,18,1,100
15/01/2016 22:35,20,1,100
15/01/2016 22:40,14,1,100
15/01/2016 22:45,19,1,100
15/01/2016 22:50,12,1,100
15/01/2016 22:55,15,1,100
15/01/2016 23:00,10,1,100
15/01/2016 23:05,16,1,100
15/01/2016 23:10,12,1,100
15/01/2016 23:15,14,1,100
15/01/2016 23:20,14,1,100
15/01/2016 23:25,11,1,100
15/01/2016 23:30,13,1,100
15/01/2016 23:35,11,1,100
15/01/2016 23:40,17,1,100
15/01/2016 23:45,16,1,100
15/01/2016 23:50,9,1,100
15/01/2016 23:55,10,1,100
22/01/2016 00:00,7,1,100
22/01/2016 00:05,10,1,100
22/01/2016 00:10,4,1,100
22/01/2016 00:15,4,1,100
22/01/2016 00:20,3,1,100
22/01/2016 00:25,3,1,100
22/01/2016 00:30,3,1,100
22/01/2016 00:35,5,1,100
22/01/2016 00:40,6,1,100
22/01/2016 00:45,5,1,100
22/01/2016 00:50,6,1,100
22/01/2016 00:55,4,1,100
22/01/2016 01:00,4,1,100
22/01/2016 01:05,3,1,100
22/01/2016 01:10,3,1,100
22/01/2016 01:15,4,1,100
22/01/2016 01:20,4,1,100
22/01/2016 01:25,2,1,100
22/01/2016 01:30,0,1,100
22/01/2016 01:35,4,1,100
22/01/2016 01:40,4,1,100
22/01/2016 01:45,4,1,100
22/01/2016 01:50,4,1,100
22/01/2016 01:55,3,1,100
22/01/2016 02:00,2,1,100
22/01/2016 02:05,3,1,100
22/01/2016 02:10,1,1,100
22/01/2016 02:15,4,1,100
22/01/2016 02:20,1,1,100
22/01/2016 02:25,1,1,100
22/01/2016 02:30,2,1,100
22/01/2016 02:35,2,1,100
22/01/2016 02:40,2,1,100
22/01/2016 02:45,3,1,100
22/01/2016 02:50,4,1,100
22/01/2016 02:55,2,1,100
22/01/2016 03:00,1,1,100
22/01/2016 03:05,2,1,100
22/01/2016 03:10,2,1,100
22/01/2016 03:15,2,1,100
22/01/2016 03:20,3,1,100
22/01/2016 03:25,3,1,100
22/01/2016 03:30,4,1,100
22/01/2016 03:35,7,1,100
22/01/2016 03:40,3,1,100
22/01/2016 03:45,4,1,100
22/01/2016 03:50,4,1,100
22/01/2016 03:55,4,1,100
22/01/2016 04:00,3,1,100
22/01/2016 04:05,5,1,100
22/01/2016 04:10,5,1,100
22/01/2016 04:15,6,1,100
22/01/2016 04:20,6,1,100
22/01/2016 04:25,8,1,100
22/01/2016 04:30,11,1,100
22/01/2016 04:35,11,1,100
22/01/2016 04:40,12,1,100
22/01/2016 04:45,12,1,100
22/01/2016 04:50,19,1,100
22/01/2016 04:55,20,1,100
22/01/2016 05:00,16,1,100
22/01/2016 05:05,27,1,100
22/01/2016 05:10,23,1,100
22/01/2016 05:15,27,1,100
22/01/2016 05:20,26,1,100
22/01/2016 05:25,28,1,100
22/01/2016 05:30,30,1,100
22/01/2016 05:35,39,1,100
22/01/2016 05:40,49,1,100
22/01/2016 05:45,38,1,100
22/01/2016 05:50,36,1,100
22/01/2016 05:55,50,1,100
22/01/2016 06:00,51,1,100
22/01/2016 06:05,46,1,100
22/01/2016 06:10,55,1,100
22/01/2016 06:15,54,1,100
22/01/2016 06:20,69,1,100
22/01/2016 06:25,68,1,100
22/01/2016 06:30,75,1,100
22/01/2016 06:35,72,1,100
22/01/2016 06:40,86,1,100
22/01/2016 06:45,68,1,100
22/01/2016 06:50,85,1,100
22/01/2016 06:55,74,1,100
22/01/2016 07:00,71,1,100
22/01/2016 07:05,81,1,100
22/01/2016 07:10,81,1,100
22/01/2016 07:15,69,1,100
22/01/2016 07:20,62,1,100
22/01/2016 07:25,59,1,100
22/01/2016 07:30,57,1,100
22/01/2016 07:35,50,1,100
22/01/2016 07:40,50,1,100
22/01/2016 07:45,46,1,100
22/01/2016 07:50,51,1,100
22/01/2016 07:55,48,1,100
22/01/2016 08:00,44,1,100
22/01/2016 08:05,47,1,100
22/01/2016 08:10,52,1,100
22/01/2016 08:15,42,1,100
22/01/2016 08:20,42,1,100
22/01/2016 08:25,48,1,100
22/01/2016 08:30,49,1,100
22/01/2016 08:35,48,1,100
22/01/2016 08:40,48,1,100
22/01/2016 08:45,51,1,100
22/01/2016 08:50,48,1,100
22/01/2016 08:55,45,1,100
22/01/2016 09:00,42,1,100
22/01/2016 09:05,47,1,100
22/01/2016 09:10,52,1,100
22/01/2016 09:15,50,1,100
22/01/2016 09:20,55,1,100
22/01/2016 09:25,61,1,100
22/01/2016 09:30,68,1,100
22/01/2016 09:35,59,1,100
22/01/2016 09:40,53,1,100
22/01/2016 09:45,62,1,100
22/01/2016 09:50,49,1,100
22/01/2016 09:55,58,1,100
22/01/2016 10:00,53,1,100
22/01/2016 10:05,56,1,100
22/01/2016 10:10,50,1,100
22/01/2016 10:15,55,1,100
22/01/2016 10:20,60,1,100
22/01/2016 10:25,55,1,100
22/01/2016 10:30,53,1,100
22/01/2016 10:35,53,1,100
22/01/2016 10:40,54,1,100
22/01/2016 10:45,55,1,100
22/01/2016 10:50,56,1,100
22/01/2016 10:55,46,1,100
22/01/2016 11:00,45,1,100
22/01/2016 11:05,50,1,100
22/01/2016 11:10,52,1,100
22/01/2016 11:15,53,1,100
22/01/2016 11:20,58,1,100
22/01/2016 11:25,57,1,100
22/01/2016 11:30,63,1,100
22/01/2016 11:35,61,1,100
22/01/2016 11:40,50,1,100
22/01/2016 11:45,49,1,100
22/01/2016 11:50,59,1,100
22/01/2016 11:55,49,1,100
22/01/2016 12:00,48,1,100
22/01/2016 12:05,57,1,100
22/01/2016 12:10,53,1,100
22/01/2016 12:15,49,1,100
22/01/2016 12:20,49,1,100
22/01/2016 12:25,48,1,100
22/01/2016 12:30,46,1,100
22/01/2016 12:35,47,1,100
22/01/2016 12:40,52,1,100
22/01/2016 12:45,56,1,100
22/01/2016 12:50,56,1,100
22/01/2016 12:55,46,1,100
22/01/2016 13:00,54,1,100
22/01/2016 13:05,46,1,100
22/01/2016 13:10,59,1,100
22/01/2016 13:15,52,1,100
22/01/2016 13:20,51,1,100
22/01/2016 13:25,59,1,100
22/01/2016 13:30,48,1,100
22/01/2016 13:35,45,1,100
22/01/2016 13:40,51,1,100
22/01/2016 13:45,51,1,100
22/01/2016 13:50,47,1,100
22/01/2016 13:55,45,1,100
22/01/2016 14:00,53,1,100
22/01/2016 14:05,60,1,100
22/01/2016 14:10,56,1,100
22/01/2016 14:15,48,1,100
22/01/2016 14:20,54,1,100
22/01/2016 14:25,62,1,100
22/01/2016 14:30,58,1,100
22/01/2016 14:35,49,1,100
22/01/2016 14:40,59,1,100
22/01/2016 14:45,57,1,100
22/01/2016 14:50,51,1,100
22/01/2016 14:55,49,1,100
22/01/2016 15:00,53,1,100
22/01/2016 15:05,53,1,100
22/01/2016 15:10,43,1,100
22/01/2016 15:15,50,1,100
22/01/2016 15:20,51,1,100
22/01/2016 15:25,53,1,100
22/01/2016 15:30,50,1,100
22/01/2016 15:35,50,1,100
22/01/2016 15:40,55,1,100
22/01/2016 15:45,58,1,100
22/01/2016 15:50,51,1,100
22/01/2016 15:55,54,1,100
22/01/2016 16:00,55,1,100
22/01/2016 16:05,47,1,100
22/01/2016 16:10,54,1,100
22/01/2016 16:15,55,1,100
22/01/2016 16:20,52,1,100
22/01/2016 16:25,59,1,100
22/01/2016 16:30,38,1,100
22/01/2016 16:35,52,1,100
22/01/2016 16:40,47,1,100
22/01/2016 16:45,47,1,100
22/01/2016 16:50,49,1,100
22/01/2016 16:55,44,1,100
22/01/2016 17:00,47,1,100
22/01/2016 17:05,44,1,100
22/01/2016 17:10,48,1,100
22/01/2016 17:15,48,1,100
22/01/2016 17:20,53,1,100
22/01/2016 17:25,48,1,100
22/01/2016 17:30,48,1,100
22/01/2016 17:35,43,1,100
22/01/2016 17:40,46,1,100
22/01/2016 17:45,45,1,100
22/01/2016 17:50,42,1,100
22/01/2016 17:55,42,1,100
22/01/2016 18:00,38,1,100
22/01/2016 18:05,36,1,100
22/01/2016 18:10,36,1,100
22/01/2016 18:15,42,1,100
22/01/2016 18:20,44,1,100
22/01/2016 18:25,52,1,100
22/01/2016 18:30,51,1,100
22/01/2016 18:35,45,1,100
22/01/2016 18:40,48,1,100
22/01/2016 18:45,41,1,100
22/01/2016 18:50,50,1,100
22/01/2016 18:55,46,1,100
22/01/2016 19:00,46,1,100
22/01/2016 19:05,51,1,100
22/01/2016 19:10,46,1,100
22/01/2016 19:15,43,1,100
22/01/2016 19:20,58,1,100
22/01/2016 19:25,47,1,100
22/01/2016 19:30,37,1,100
22/01/2016 19:35,37,1,100
22/01/2016 19:40,39,1,100
22/01/2016 19:45,41,1,100
22/01/2016 19:50,41,1,100
22/01/2016 19:55,40,1,100
22/01/2016 20:00,36,1,100
22/01/2016 20:05,40,1,100
22/01/2016 20:10,36,1,100
22/01/2016 20:15,32,1,100
22/01/2016 20:20,25,1,100
22/01/2016 20:25,36,1,100
22/01/2016 20:30,24,1,100
22/01/2016 20:35,27,1,100
22/01/2016 20:40,30,1,100
22/01/2016 20:45,30,1,100
22/01/2016 20:50,26,1,100
22/01/2016 20:55,24,1,100
22/01/2016 21:00,32,1,100
22/01/2016 21:05,23,1,100
22/01/2016 21:10,18,1,100
22/01/2016 21:15,24,1,100
22/01/2016 21:20,26,1,100
22/01/2016 21:25,31,1,100
22/01/2016 21:30,22,1,100
22/01/2016 21:35,25,1,100
22/01/2016 21:40,27,1,100
22/01/2016 21:45,20,1,100
22/01/2016 21:50,19,1,100
22/01/2016 21:55,22,1,100
22/01/2016 22:00,20,1,100
22/01/2016 22:05,20,1,100
22/01/2016 22:10,21,1,100
22/01/2016 22:15,20,1,100
22/01/2016 22:20,23,1,100
22/01/2016 22:25,20,1,100
22/01/2016 22:30,22,1,100
22/01/2016 22:35,17,1,100
22/01/2016 22:40,18,1,100
22/01/2016 22:45,20,1,100
22/01/2016 22:50,17,1,100
22/01/2016 22:55,17,1,100
22/01/2016 23:00,11,1,100
22/01/2016 23:05,14,1,100
22/01/2016 23:10,16,1,100
22/01/2016 23:15,13,1,100
22/01/2016 23:20,12,1,100
22/01/2016 23:25,10,1,100
22/01/2016 23:30,12,1,100
22/01/2016 23:35,13,1,100
22/01/2016 23:40,17,1,100
22/01/2016 23:45,13,1,100
22/01/2016 23:50,15,1,100
22/01/2016 23:55,5,1,100
29/01/2016 00:00,5,1,100
29/01/2016 00:05,7,1,100
29/01/2016 00:10,6,1,100
29/01/2016 00:15,5,1,100
29/01/2016 00:20,7,1,100
29/01/2016 00:25,6,1,100
29/01/2016 00:30,6,1,100
29/01/2016 00:35,4,1,100
29/01/2016 00:40,2,1,100
29/01/2016 00:45,6,1,100
29/01/2016 00:50,4,1,100
29/01/2016 00:55,4,1,100
29/01/2016 01:00,4,1,100
29/01/2016 01:05,3,1,100
29/01/2016 01:10,3,1,100
29/01/2016 01:15,1,1,100
29/01/2016 01:20,5,1,100
29/01/2016 01:25,2,1,100
29/01/2016 01:30,5,1,100
29/01/2016 01:35,2,1,100
29/01/2016 01:40,3,1,100
29/01/2016 01:45,3,1,100
29/01/2016 01:50,3,1,100
29/01/2016 01:55,3,1,100
29/01/2016 02:00,2,1,100
29/01/2016 02:05,3,1,100
29/01/2016 02:10,3,1,100
29/01/2016 02:15,4,1,100
29/01/2016 02:20,1,1,100
29/01/2016 02:25,2,1,100
29/01/2016 02:30,4,1,100
29/01/2016 02:35,1,1,100
29/01/2016 02:40,2,1,100
29/01/2016 02:45,2,1,100
29/01/2016 02:50,2,1,100
29/01/2016 02:55,2,1,100
29/01/2016 03:00,1,1,100
29/01/2016 03:05,1,1,100
29/01/2016 03:10,2,1,100
29/01/2016 03:15,2,1,100
29/01/2016 03:20,4,1,100
29/01/2016 03:25,3,1,100
29/01/2016 03:30,2,1,100
29/01/2016 03:35,4,1,100
29/01/2016 03:40,2,1,100
29/01/2016 03:45,4,1,100
29/01/2016 03:50,1,1,100
29/01/2016 03:55,4,1,100
29/01/2016 04:00,4,1,100
29/01/2016 04:05,5,1,100
29/01/2016 04:10,6,1,100
29/01/2016 04:15,8,1,100
29/01/2016 04:20,8,1,100
29/01/2016 04:25,6,1,100
29/01/2016 04:30,8,1,100
29/01/2016 04:35,13,1,100
29/01/2016 04:40,14,1,100
29/01/2016 04:45,17,1,100
29/01/2016 04:50,10,1,100
29/01/2016 04:55,17,1,100
29/01/2016 05:00,21,1,100
29/01/2016 05:05,20,1,100
29/01/2016 05:10,25,1,100
29/01/2016 05:15,20,1,100
29/01/2016 05:20,31,1,100
29/01/2016 05:25,29,1,100
29/01/2016 05:30,33,1,100
29/01/2016 05:35,32,1,100
29/01/2016 05:40,44,1,100
29/01/2016 05:45,46,1,100
29/01/2016 05:50,39,1,100
29/01/2016 05:55,50,1,100
29/01/2016 06:00,45,1,100
29/01/2016 06:05,52,1,100
29/01/2016 06:10,51,1,100
29/01/2016 06:15,62,1,100
29/01/2016 06:20,61,1,100
29/01/2016 06:25,69,1,100
29/01/2016 06:30,64,1,100
29/01/2016 06:35,77,1,100
29/01/2016 06:40,83,1,100
29/01/2016 06:45,86,1,100
29/01/2016 06:50,83,1,100
29/01/2016 06:55,71,1,100
29/01/2016 07:00,84,1,100
29/01/2016 07:05,70,1,100
29/01/2016 07:10,67,1,100
29/01/2016 07:15,72,1,100
29/01/2016 07:20,59,1,100
29/01/2016 07:25,56,1,100
29/01/2016 07:30,56,1,100
29/01/2016 07:35,44,1,100
29/01/2016 07:40,47,1,100
29/01/2016 07:45,38,1,100
29/01/2016 07:50,40,1,100
29/01/2016 07:55,48,1,100
29/01/2016 08:00,51,1,100
29/01/2016 08:05,46,1,100
29/01/2016 08:10,46,1,100
29/01/2016 08:15,40,1,100
29/01/2016 08:20,46,1,100
29/01/2016 08:25,39,1,100
29/01/2016 08:30,54,1,100
29/01/2016 08:35,46,1,100
29/01/2016 08:40,51,1,100
29/01/2016 08:45,51,1,100
29/01/2016 08:50,40,1,100
29/01/2016 08:55,47,1,100
29/01/2016 09:00,46,1,100
29/01/2016 09:05,50,1,100
29/01/2016 09:10,44,1,100
29/01/2016 09:15,47,1,100
29/01/2016 09:20,52,1,100
29/01/2016 09:25,50,1,100
29/01/2016 09:30,59,1,100
29/01/2016 09:35,55,1,100
29/01/2016 09:40,57,1,100
29/01/2016 09:45,55,1,100
29/01/2016 09:50,62,1,100
29/01/2016 09:55,48,1,100
29/01/2016 10:00,59,1,100
29/01/2016 10:05,57,1,100
29/01/2016 10:10,51,1,100
29/01/2016 10:15,55,1,100
29/01/2016 10:20,52,1,100
29/01/2016 10:25,54,1,100
29/01/2016 10:30,43,1,100
29/01/2016 10:35,56,1,100
29/01/2016 10:40,49,1,100
29/01/2016 10:45,51,1,100
29/01/2016 10:50,60,1,100
29/01/2016 10:55,51,1,100
29/01/2016 11:00,59,1,100
29/01/2016 11:05,53,1,100
29/01/2016 11:10,47,1,100
29/01/2016 11:15,50,1,100
29/01/2016 11:20,56,1,100
29/01/2016 11:25,56,1,100
29/01/2016 11:30,47,1,100
29/01/2016 11:35,60,1,100
29/01/2016 11:40,59,1,100
29/01/2016 11:45,61,1,100
29/01/2016 11:50,53,1,100
29/01/2016 11:55,47,1,100
29/01/2016 12:00,53,1,100
29/01/2016 12:05,50,1,100
29/01/2016 12:10,57,1,100
29/01/2016 12:15,53,1,100
29/01/2016 12:20,55,1,100
29/01/2016 12:25,45,1,100
29/01/2016 12:30,51,1,100
29/01/2016 12:35,46,1,100
29/01/2016 12:40,49,1,100
29/01/2016 12:45,51,1,100
29/01/2016 12:50,55,1,100
29/01/2016 12:55,49,1,100
29/01/2016 13:00,45,1,100
29/01/2016 13:05,36,1,100
29/01/2016 13:10,53,1,100
29/01/2016 13:15,56,1,100
29/01/2016 13:20,46,1,100
29/01/2016 13:25,54,1,100
29/01/2016 13:30,60,1,100
29/01/2016 13:35,52,1,100
29/01/2016 13:40,53,1,100
29/01/2016 13:45,53,1,100
29/01/2016 13:50,46,1,100
29/01/2016 13:55,60,1,100
29/01/2016 14:00,54,1,100
29/01/2016 14:05,55,1,100
29/01/2016 14:10,50,1,100
29/01/2016 14:15,61,1,100
29/01/2016 14:20,57,1,100
29/01/2016 14:25,54,1,100
29/01/2016 14:30,54,1,100
29/01/2016 14:35,63,1,100
29/01/2016 14:40,55,1,100
29/01/2016 14:45,62,1,100
29/01/2016 14:50,45,1,100
29/01/2016 14:55,55,1,100
29/01/2016 15:00,52,1,100
29/01/2016 15:05,52,1,100
29/01/2016 15:10,58,1,100
29/01/2016 15:15,55,1,100
29/01/2016 15:20,50,1,100
29/01/2016 15:25,54,1,100
29/01/2016 15:30,52,1,100
29/01/2016 15:35,44,1,100
29/01/2016 15:40,49,1,100
29/01/2016 15:45,57,1,100
29/01/2016 15:50,55,1,100
29/01/2016 15:55,47,1,100
29/01/2016 16:00,54,1,100
29/01/2016 16:05,51,1,100
29/01/2016 16:10,46,1,100
29/01/2016 16:15,52,1,100
29/01/2016 16:20,47,1,100
29/01/2016 16:25,46,1,100
29/01/2016 16:30,42,1,100
29/01/2016 16:35,44,1,100
29/01/2016 16:40,50,1,100
29/01/2016 16:45,53,1,100
29/01/2016 16:50,43,1,100
29/01/2016 16:55,46,1,100
29/01/2016 17:00,49,1,100
29/01/2016 17:05,47,1,100
29/01/2016 17:10,47,1,100
29/01/2016 17:15,50,1,100
29/01/2016 17:20,49,1,100
29/01/2016 17:25,42,1,100
29/01/2016 17:30,48,1,100
29/01/2016 17:35,47,1,100
29/01/2016 17:40,43,1,100
29/01/2016 17:45,45,1,100
29/01/2016 17:50,49,1,100
29/01/2016 17:55,38,1,100
29/01/2016 18:00,44,1,100
29/01/2016 18:05,39,1,100
29/01/2016 18:10,34,1,100
29/01/2016 18:15,43,1,100
29/01/2016 18:20,56,1,100
29/01/2016 18:25,46,1,100
29/01/2016 18:30,49,1,100
29/01/2016 18:35,46,1,100
29/01/2016 18:40,49,1,100
29/01/2016 18:45,42,1,100
29/01/2016 18:50,51,1,100
29/01/2016 18:55,42,1,100
29/01/2016 19:00,39,1,100
29/01/2016 19:05,37,1,100
29/01/2016 19:10,42,1,100
29/01/2016 19:15,46,1,100
29/01/2016 19:20,48,1,100
29/01/2016 19:25,49,1,100
29/01/2016 19:30,47,1,100
29/01/2016 19:35,51,1,100
29/01/2016 19:40,37,1,100
29/01/2016 19:45,42,1,100
29/01/2016 19:50,40,1,100
29/01/2016 19:55,40,1,100
29/01/2016 20:00,40,1,100
29/01/2016 20:05,44,1,100
29/01/2016 20:10,41,1,100
29/01/2016 20:15,40,1,100
29/01/2016 20:20,39,1,100
29/01/2016 20:25,33,1,100
29/01/2016 20:30,43,1,100
29/01/2016 20:35,30,1,100
29/01/2016 20:40,32,1,100
29/01/2016 20:45,25,1,100
29/01/2016 20:50,32,1,100
29/01/2016 20:55,26,1,100
29/01/2016 21:00,22,1,100
29/01/2016 21:05,25,1,100
29/01/2016 21:10,32,1,100
29/01/2016 21:15,32,1,100
29/01/2016 21:20,34,1,100
29/01/2016 21:25,27,1,100
29/01/2016 21:30,26,1,100
29/01/2016 21:35,27,1,100
29/01/2016 21:40,27,1,100
29/01/2016 21:45,23,1,100
29/01/2016 21:50,26,1,100
29/01/2016 21:55,21,1,100
29/01/2016 22:00,18,1,100
29/01/2016 22:05,24,1,100
29/01/2016 22:10,18,1,100
29/01/2016 22:15,23,1,100
29/01/2016 22:20,16,1,100
29/01/2016 22:25,17,1,100
29/01/2016 22:30,18,1,100
29/01/2016 22:35,17,1,100
29/01/2016 22:40,20,1,100
29/01/2016 22:45,16,1,100
29/01/2016 22:50,12,1,100
29/01/2016 22:55,15,1,100
29/01/2016 23:00,15,1,100
29/01/2016 23:05,11,1,100
29/01/2016 23:10,15,1,100
29/01/2016 23:15,15,1,100
29/01/2016 23:20,9,1,100
29/01/2016 23:25,8,1,100
29/01/2016 23:30,14,1,100
29/01/2016 23:35,12,1,100
29/01/2016 23:40,14,1,100
29/01/2016 23:45,12,1,100
29/01/2016 23:50,14,1,100
29/01/2016 23:55,11,1,100
01/02/2016 00:00,8,1,100
01/02/2016 00:05,4,1,100
01/02/2016 00:10,6,1,100
01/02/2016 00:15,4,1,100
01/02/2016 00:20,5,1,100
01/02/2016 00:25,2,1,100
01/02/2016 00:30,4,1,100
01/02/2016 00:35,7,1,100
01/02/2016 00:40,5,1,100
01/02/2016 00:45,7,1,100
01/02/2016 00:50,4,1,100
01/02/2016 00:55,3,1,100
01/02/2016 01:00,1,1,100
01/02/2016 01:05,1,1,100
01/02/2016 01:10,3,1,100
01/02/2016 01:15,4,1,100
01/02/2016 01:20,5,1,100
01/02/2016 01:25,4,1,100
01/02/2016 01:30,4,1,100
01/02/2016 01:35,2,1,100
01/02/2016 01:40,2,1,100
01/02/2016 01:45,3,1,100
01/02/2016 01:50,3,1,100
01/02/2016 01:55,3,1,100
01/02/2016 02:00,3,1,100
01/02/2016 02:05,1,1,100
01/02/2016 02:10,2,1,100
01/02/2016 02:15,3,1,100
01/02/2016 02:20,5,1,100
01/02/2016 02:25,1,1,100
01/02/2016 02:30,1,1,100
01/02/2016 02:35,2,1,100
01/02/2016 02:40,2,1,100
01/02/2016 02:45,3,1,100
01/02/2016 02:50,3,1,100
01/02/2016 02:55,3,1,100
01/02/2016 03:00,3,1,100
01/02/2016 03:05,2,1,100
01/02/2016 03:10,2,1,100
01/02/2016 03:15,4,1,100
01/02/2016 03:20,4,1,100
01/02/2016 03:25,4,1,100
01/02/2016 03:30,4,1,100
01/02/2016 03:35,4,1,100
01/02/2016 03:40,2,1,100
01/02/2016 03:45,4,1,100
01/02/2016 03:50,3,1,100
01/02/2016 03:55,7,1,100
01/02/2016 04:00,10,1,100
01/02/2016 04:05,7,1,100
01/02/2016 04:10,10,1,100
01/02/2016 04:15,6,1,100
01/02/2016 04:20,8,1,100
01/02/2016 04:25,10,1,100
01/02/2016 04:30,11,1,100
01/02/2016 04:35,13,1,100
01/02/2016 04:40,23,1,100
01/02/2016 04:45,24,1,100
01/02/2016 04:50,26,1,100
01/02/2016 04:55,26,1,100
01/02/2016 05:00,28,1,100
01/02/2016 05:05,37,1,100
01/02/2016 05:10,40,1,100
01/02/2016 05:15,28,1,100
01/02/2016 05:20,33,1,100
01/02/2016 05:25,37,1,100
01/02/2016 05:30,40,1,100
01/02/2016 05:35,55,1,100
01/02/2016 05:40,53,1,100
01/02/2016 05:45,52,1,100
01/02/2016 05:50,54,1,100
01/02/2016 05:55,46,1,100
01/02/2016 06:00,46,1,100
01/02/2016 06:05,57,1,100
01/02/2016 06:10,72,1,100
01/02/2016 06:15,70,1,100
01/02/2016 06:20,64,1,100
01/02/2016 06:25,74,1,100
01/02/2016 06:30,77,1,100
01/02/2016 06:35,79,1,100
01/02/2016 06:40,89,1,100
01/02/2016 06:45,88,1,100
01/02/2016 06:50,88,1,100
01/02/2016 06:55,85,1,100
01/02/2016 07:00,72,1,100
01/02/2016 07:05,53,1,100
01/02/2016 07:10,68,1,100
01/02/2016 07:15,60,1,100
01/02/2016 07:20,43,1,100
01/02/2016 07:25,42,1,100
01/02/2016 07:30,43,1,100
01/02/2016 07:35,42,1,100
01/02/2016 07:40,34,1,100
01/02/2016 07:45,41,1,100
01/02/2016 07:50,40,1,100
01/02/2016 07:55,36,1,100
01/02/2016 08:00,32,1,100
01/02/2016 08:05,39,1,100
01/02/2016 08:10,28,1,100
01/02/2016 08:15,36,1,100
01/02/2016 08:20,35,1,100
01/02/2016 08:25,36,1,100
01/02/2016 08:30,37,1,100
01/02/2016 08:35,34,1,100
01/02/2016 08:40,34,1,100
01/02/2016 08:45,39,1,100
01/02/2016 08:50,39,1,100
01/02/2016 08:55,31,1,100
01/02/2016 09:00,36,1,100
01/02/2016 09:05,37,1,100
01/02/2016 09:10,45,1,100
01/02/2016 09:15,43,1,100
01/02/2016 09:20,48,1,100
01/02/2016 09:25,53,1,100
01/02/2016 09:30,51,1,100
01/02/2016 09:35,53,1,100
01/02/2016 09:40,48,1,100
01/02/2016 09:45,49,1,100
01/02/2016 09:50,56,1,100
01/02/2016 09:55,50,1,100
01/02/2016 10:00,60,1,100
01/02/2016 10:05,58,1,100
01/02/2016 10:10,49,1,100
01/02/2016 10:15,58,1,100
01/02/2016 10:20,53,1,100
01/02/2016 10:25,49,1,100
01/02/2016 10:30,65,1,100
01/02/2016 10:35,50,1,100
01/02/2016 10:40,52,1,100
01/02/2016 10:45,51,1,100
01/02/2016 10:50,48,1,100
01/02/2016 10:55,54,1,100
01/02/2016 11:00,44,1,100
01/02/2016 11:05,54,1,100
01/02/2016 11:10,54,1,100
01/02/2016 11:15,49,1,100
01/02/2016 11:20,46,1,100
01/02/2016 11:25,51,1,100
01/02/2016 11:30,37,1,100
01/02/2016 11:35,43,1,100
01/02/2016 11:40,46,1,100
01/02/2016 11:45,44,1,100
01/02/2016 11:50,47,1,100
01/02/2016 11:55,38,1,100
01/02/2016 12:00,17,1,100
01/02/2016 12:05,52,1,100
01/02/2016 12:10,45,1,100
01/02/2016 12:15,58,1,100
01/02/2016 12:20,60,1,100
01/02/2016 12:25,54,1,100
01/02/2016 12:30,43,1,100
01/02/2016 12:35,45,1,100
01/02/2016 12:40,50,1,100
01/02/2016 12:45,53,1,100
01/02/2016 12:50,53,1,100
01/02/2016 12:55,49,1,100
01/02/2016 13:00,40,1,100
01/02/2016 13:05,38,1,100
01/02/2016 13:10,39,1,100
01/02/2016 13:15,38,1,100
01/02/2016 13:20,43,1,100
01/02/2016 13:25,46,1,100
01/02/2016 13:30,48,1,100
01/02/2016 13:35,53,1,100
01/02/2016 13:40,53,1,100
01/02/2016 13:45,50,1,100
01/02/2016 13:50,50,1,100
01/02/2016 13:55,41,1,100
01/02/2016 14:00,38,1,100
01/02/2016 14:05,50,1,100
01/02/2016 14:10,40,1,100
01/02/2016 14:15,53,1,100
01/02/2016 14:20,45,1,100
01/02/2016 14:25,44,1,100
01/02/2016 14:30,45,1,100
01/02/2016 14:35,30,1,100
01/02/2016 14:40,54,1,100
01/02/2016 14:45,51,1,100
01/02/2016 14:50,49,1,100
01/02/2016 14:55,49,1,100
01/02/2016 15:00,51,1,100
01/02/2016 15:05,46,1,100
01/02/2016 15:10,47,1,100
01/02/2016 15:15,47,1,100
01/02/2016 15:20,49,1,100
01/02/2016 15:25,48,1,100
01/02/2016 15:30,49,1,100
01/02/2016 15:35,53,1,100
01/02/2016 15:40,49,1,100
01/02/2016 15:45,49,1,100
01/02/2016 15:50,54,1,100
01/02/2016 15:55,49,1,100
01/02/2016 16:00,41,1,100
01/02/2016 16:05,47,1,100
01/02/2016 16:10,48,1,100
01/02/2016 16:15,59,1,100
01/02/2016 16:20,54,1,100
01/02/2016 16:25,43,1,100
01/02/2016 16:30,40,1,100
01/02/2016 16:35,44,1,100
01/02/2016 16:40,41,1,100
01/02/2016 16:45,46,1,100
01/02/2016 16:50,51,1,100
01/02/2016 16:55,41,1,100
01/02/2016 17:00,49,1,100
01/02/2016 17:05,52,1,100
01/02/2016 17:10,49,1,100
01/02/2016 17:15,53,1,100
01/02/2016 17:20,52,1,100
01/02/2016 17:25,53,1,100
01/02/2016 17:30,48,1,100
01/02/2016 17:35,46,1,100
01/02/2016 17:40,46,1,100
01/02/2016 17:45,37,1,100
01/02/2016 17:50,42,1,100
01/02/2016 17:55,40,1,100
01/02/2016 18:00,41,1,100
01/02/2016 18:05,41,1,100
01/02/2016 18:10,36,1,100
01/02/2016 18:15,42,1,100
01/02/2016 18:20,42,1,100
01/02/2016 18:25,37,1,100
01/02/2016 18:30,38,1,100
01/02/2016 18:35,36,1,100
01/02/2016 18:40,39,1,100
01/02/2016 18:45,37,1,100
01/02/2016 18:50,35,1,100
01/02/2016 18:55,34,1,100
01/02/2016 19:00,43,1,100
01/02/2016 19:05,32,1,100
01/02/2016 19:10,33,1,100
01/02/2016 19:15,40,1,100
01/02/2016 19:20,33,1,100
01/02/2016 19:25,32,1,100
01/02/2016 19:30,32,1,100
01/02/2016 19:35,28,1,100
01/02/2016 19:40,31,1,100
01/02/2016 19:45,29,1,100
01/02/2016 19:50,25,1,100
01/02/2016 19:55,22,1,100
01/02/2016 20:00,23,1,100
01/02/2016 20:05,23,1,100
01/02/2016 20:10,24,1,100
01/02/2016 20:15,22,1,100
01/02/2016 20:20,21,1,100
01/02/2016 20:25,27,1,100
01/02/2016 20:30,19,1,100
01/02/2016 20:35,20,1,100
01/02/2016 20:40,22,1,100
01/02/2016 20:45,15,1,100
01/02/2016 20:50,22,1,100
01/02/2016 20:55,25,1,100
01/02/2016 21:00,22,1,100
01/02/2016 21:05,21,1,100
01/02/2016 21:10,23,1,100
01/02/2016 21:15,26,1,100
01/02/2016 21:20,20,1,100
01/02/2016 21:25,17,1,100
01/02/2016 21:30,18,1,100
01/02/2016 21:35,19,1,100
01/02/2016 21:40,16,1,100
01/02/2016 21:45,18,1,100
01/02/2016 21:50,15,1,100
01/02/2016 21:55,13,1,100
01/02/2016 22:00,13,1,100
01/02/2016 22:05,16,1,100
01/02/2016 22:10,16,1,100
01/02/2016 22:15,11,1,100
01/02/2016 22:20,13,1,100
01/02/2016 22:25,12,1,100
01/02/2016 22:30,8,1,100
01/02/2016 22:35,10,1,100
01/02/2016 22:40,11,1,100
01/02/2016 22:45,10,1,100
01/02/2016 22:50,8,1,100
01/02/2016 22:55,7,1,100
01/02/2016 23:00,9,1,100
01/02/2016 23:05,8,1,100
01/02/2016 23:10,8,1,100
01/02/2016 23:15,7,1,100
01/02/2016 23:20,6,1,100
01/02/2016 23:25,8,1,100
01/02/2016 23:30,6,1,100
01/02/2016 23:35,6,1,100
01/02/2016 23:40,5,1,100
01/02/2016 23:45,7,1,100
01/02/2016 23:50,7,1,100
01/02/2016 23:55,5,1,100
02/02/2016 00:00,4,1,100
02/02/2016 00:05,7,1,100
02/02/2016 00:10,5,1,100
02/02/2016 00:15,3,1,100
02/02/2016 00:20,2,1,100
02/02/2016 00:25,4,1,100
02/02/2016 00:30,3,1,100
02/02/2016 00:35,3,1,100
02/02/2016 00:40,1,1,100
02/02/2016 00:45,4,1,100
02/02/2016 00:50,4,1,100
02/02/2016 00:55,3,1,100
02/02/2016 01:00,3,1,100
02/02/2016 01:05,5,1,100
02/02/2016 01:10,3,1,100
02/02/2016 01:15,4,1,100
02/02/2016 01:20,3,1,100
02/02/2016 01:25,3,1,100
02/02/2016 01:30,5,1,100
02/02/2016 01:35,2,1,100
02/02/2016 01:40,1,1,100
02/02/2016 01:45,1,1,100
02/02/2016 01:50,1,1,100
02/02/2016 01:55,3,1,100
02/02/2016 02:00,2,1,100
02/02/2016 02:05,3,1,100
02/02/2016 02:10,1,1,100
02/02/2016 02:15,3,1,100
02/02/2016 02:20,2,1,100
02/02/2016 02:25,2,1,100
02/02/2016 02:30,2,1,100
02/02/2016 02:35,3,1,100
02/02/2016 02:40,2,1,100
02/02/2016 02:45,1,1,100
02/02/2016 02:50,2,1,100
02/02/2016 02:55,4,1,100
02/02/2016 03:00,1,1,100
02/02/2016 03:05,2,1,100
02/02/2016 03:10,4,1,100
02/02/2016 03:15,3,1,100
02/02/2016 03:20,4,1,100
02/02/2016 03:25,4,1,100
02/02/2016 03:30,1,1,100
02/02/2016 03:35,3,1,100
02/02/2016 03:40,4,1,100
02/02/2016 03:45,4,1,100
02/02/2016 03:50,4,1,100
02/02/2016 03:55,3,1,100
02/02/2016 04:00,4,1,100
02/02/2016 04:05,7,1,100
02/02/2016 04:10,5,1,100
02/02/2016 04:15,9,1,100
02/02/2016 04:20,9,1,100
02/02/2016 04:25,6,1,100
02/02/2016 04:30,13,1,100
02/02/2016 04:35,14,1,100
02/02/2016 04:40,17,1,100
02/02/2016 04:45,20,1,100
02/02/2016 04:50,23,1,100
02/02/2016 04:55,23,1,100
02/02/2016 05:00,26,1,100
02/02/2016 05:05,27,1,100
02/02/2016 05:10,31,1,100
02/02/2016 05:15,34,1,100
02/02/2016 05:20,34,1,100
02/02/2016 05:25,32,1,100
02/02/2016 05:30,43,1,100
02/02/2016 05:35,40,1,100
02/02/2016 05:40,55,1,100
02/02/2016 05:45,51,1,100
02/02/2016 05:50,49,1,100
02/02/2016 05:55,49,1,100
02/02/2016 06:00,59,1,100
02/02/2016 06:05,48,1,100
02/02/2016 06:10,55,1,100
02/02/2016 06:15,66,1,100
02/02/2016 06:20,65,1,100
02/02/2016 06:25,76,1,100
02/02/2016 06:30,81,1,100
02/02/2016 06:35,87,1,100
02/02/2016 06:40,91,1,100
02/02/2016 06:45,88,1,100
02/02/2016 06:50,75,1,100
02/02/2016 06:55,75,1,100
02/02/2016 07:00,76,1,100
02/02/2016 07:05,78,1,100
02/02/2016 07:10,73,1,100
02/02/2016 07:15,54,1,100
02/02/2016 07:20,48,1,100
02/02/2016 07:25,41,1,100
02/02/2016 07:30,42,1,100
02/02/2016 07:35,43,1,100
02/02/2016 07:40,35,1,100
02/02/2016 07:45,36,1,100
02/02/2016 07:50,38,1,100
02/02/2016 07:55,37,1,100
02/02/2016 08:00,36,1,100
02/02/2016 08:05,30,1,100
02/02/2016 08:10,36,1,100
02/02/2016 08:15,33,1,100
02/02/2016 08:20,34,1,100
02/02/2016 08:25,36,1,100
02/02/2016 08:30,35,1,100
02/02/2016 08:35,39,1,100
02/02/2016 08:40,38,1,100
02/02/2016 08:45,34,1,100
02/02/2016 08:50,42,1,100
02/02/2016 08:55,36,1,100
02/02/2016 09:00,45,1,100
02/02/2016 09:05,45,1,100
02/02/2016 09:10,41,1,100
02/02/2016 09:15,54,1,100
02/02/2016 09:20,52,1,100
02/02/2016 09:25,54,1,100
02/02/2016 09:30,61,1,100
02/02/2016 09:35,52,1,100
02/02/2016 09:40,56,1,100
02/02/2016 09:45,54,1,100
02/02/2016 09:50,46,1,100
02/02/2016 09:55,57,1,100
02/02/2016 10:00,57,1,100
02/02/2016 10:05,48,1,100
02/02/2016 10:10,55,1,100
02/02/2016 10:15,47,1,100
02/02/2016 10:20,57,1,100
02/02/2016 10:25,47,1,100
02/02/2016 10:30,52,1,100
02/02/2016 10:35,54,1,100
02/02/2016 10:40,56,1,100
02/02/2016 10:45,48,1,100
02/02/2016 10:50,56,1,100
02/02/2016 10:55,40,1,100
02/02/2016 11:00,51,1,100
02/02/2016 11:05,44,1,100
02/02/2016 11:10,50,1,100
02/02/2016 11:15,47,1,100
02/02/2016 11:20,53,1,100
02/02/2016 11:25,51,1,100
02/02/2016 11:30,63,1,100
02/02/2016 11:35,53,1,100
02/02/2016 11:40,54,1,100
02/02/2016 11:45,53,1,100
02/02/2016 11:50,40,1,100
02/02/2016 11:55,44,1,100
02/02/2016 12:00,44,1,100
02/02/2016 12:05,47,1,100
02/02/2016 12:10,47,1,100
02/02/2016 12:15,48,1,100
02/02/2016 12:20,56,1,100
02/02/2016 12:25,36,1,100
02/02/2016 12:30,44,1,100
02/02/2016 12:35,52,1,100
02/02/2016 12:40,40,1,100
02/02/2016 12:45,44,1,100
02/02/2016 12:50,49,1,100
02/02/2016 12:55,50,1,100
02/02/2016 13:00,43,1,100
02/02/2016 13:05,44,1,100
02/02/2016 13:10,41,1,100
02/02/2016 13:15,37,1,100
02/02/2016 13:20,49,1,100
02/02/2016 13:25,41,1,100
02/02/2016 13:30,46,1,100
02/02/2016 13:35,41,1,100
02/02/2016 13:40,45,1,100
02/02/2016 13:45,47,1,100
02/02/2016 13:50,46,1,100
02/02/2016 13:55,45,1,100
02/02/2016 14:00,51,1,100
02/02/2016 14:05,47,1,100
02/02/2016 14:10,52,1,100
02/02/2016 14:15,62,1,100
02/02/2016 14:20,50,1,100
02/02/2016 14:25,48,1,100
02/02/2016 14:30,42,1,100
02/02/2016 14:35,53,1,100
02/02/2016 14:40,56,1,100
02/02/2016 14:45,48,1,100
02/02/2016 14:50,59,1,100
02/02/2016 14:55,50,1,100
02/02/2016 15:00,58,1,100
02/02/2016 15:05,46,1,100
02/02/2016 15:10,49,1,100
02/02/2016 15:15,49,1,100
02/02/2016 15:20,53,1,100
02/02/2016 15:25,49,1,100
02/02/2016 15:30,47,1,100
02/02/2016 15:35,51,1,100
02/02/2016 15:40,57,1,100
02/02/2016 15:45,50,1,100
02/02/2016 15:50,43,1,100
02/02/2016 15:55,51,1,100
02/02/2016 16:00,52,1,100
02/02/2016 16:05,49,1,100
02/02/2016 16:10,46,1,100
02/02/2016 16:15,46,1,100
02/02/2016 16:20,50,1,100
02/02/2016 16:25,40,1,100
02/02/2016 16:30,46,1,100
02/02/2016 16:35,42,1,100
02/02/2016 16:40,40,1,100
02/02/2016 16:45,50,1,100
02/02/2016 16:50,55,1,100
02/02/2016 16:55,45,1,100
02/02/2016 17:00,39,1,100
02/02/2016 17:05,48,1,100
02/02/2016 17:10,52,1,100
02/02/2016 17:15,54,1,100
02/02/2016 17:20,53,1,100
02/02/2016 17:25,49,1,100
02/02/2016 17:30,43,1,100
02/02/2016 17:35,42,1,100
02/02/2016 17:40,46,1,100
02/02/2016 17:45,46,1,100
02/02/2016 17:50,43,1,100
02/02/2016 17:55,45,1,100
02/02/2016 18:00,37,1,100
02/02/2016 18:05,42,1,100
02/02/2016 18:10,36,1,100
02/02/2016 18:15,45,1,100
02/02/2016 18:20,45,1,100
02/02/2016 18:25,32,1,100
02/02/2016 18:30,37,1,100
02/02/2016 18:35,42,1,100
02/02/2016 18:40,38,1,100
02/02/2016 18:45,39,1,100
02/02/2016 18:50,40,1,100
02/02/2016 18:55,40,1,100
02/02/2016 19:00,27,1,100
02/02/2016 19:05,35,1,100
02/02/2016 19:10,34,1,100
02/02/2016 19:15,38,1,100
02/02/2016 19:20,34,1,100
02/02/2016 19:25,39,1,100
02/02/2016 19:30,31,1,100
02/02/2016 19:35,32,1,100
02/02/2016 19:40,27,1,100
02/02/2016 19:45,34,1,100
02/02/2016 19:50,31,1,100
02/02/2016 19:55,26,1,100
02/02/2016 20:00,30,1,100
02/02/2016 20:05,24,1,100
02/02/2016 20:10,29,1,100
02/02/2016 20:15,31,1,100
02/02/2016 20:20,24,1,100
02/02/2016 20:25,26,1,100
02/02/2016 20:30,25,1,100
02/02/2016 20:35,25,1,100
02/02/2016 20:40,20,1,100
02/02/2016 20:45,26,1,100
02/02/2016 20:50,22,1,100
02/02/2016 20:55,21,1,100
02/02/2016 21:00,22,1,100
02/02/2016 21:05,21,1,100
02/02/2016 21:10,23,1,100
02/02/2016 21:15,29,1,100
02/02/2016 21:20,23,1,100
02/02/2016 21:25,17,1,100
02/02/2016 21:30,15,1,100
02/02/2016 21:35,15,1,100
02/02/2016 21:40,17,1,100
02/02/2016 21:45,17,1,100
02/02/2016 21:50,13,1,100
02/02/2016 21:55,21,1,100
02/02/2016 22:00,14,1,100
02/02/2016 22:05,13,1,100
02/02/2016 22:10,16,1,100
02/02/2016 22:15,19,1,100
02/02/2016 22:20,17,1,100
02/02/2016 22:25,11,1,100
02/02/2016 22:30,12,1,100
02/02/2016 22:35,16,1,100
02/02/2016 22:40,17,1,100
02/02/2016 22:45,10,1,100
02/02/2016 22:50,8,1,100
02/02/2016 22:55,7,1,100
02/02/2016 23:00,8,1,100
02/02/2016 23:05,10,1,100
02/02/2016 23:10,10,1,100
02/02/2016 23:15,6,1,100
02/02/2016 23:20,6,1,100
02/02/2016 23:25,5,1,100
02/02/2016 23:30,13,1,100
02/02/2016 23:35,6,1,100
02/02/2016 23:40,3,1,100
02/02/2016 23:45,11,1,100
02/02/2016 23:50,10,1,100
02/02/2016 23:55,6,1,100
04/02/2016 00:00,4,1,100
04/02/2016 00:05,5,1,100
04/02/2016 00:10,4,1,100
04/02/2016 00:15,5,1,100
04/02/2016 00:20,6,1,100
04/02/2016 00:25,3,1,100
04/02/2016 00:30,5,1,100
04/02/2016 00:35,4,1,100
04/02/2016 00:40,3,1,100
04/02/2016 00:45,5,1,100
04/02/2016 00:50,7,1,100
04/02/2016 00:55,2,1,100
04/02/2016 01:00,4,1,100
04/02/2016 01:05,3,1,100
04/02/2016 01:10,5,1,100
04/02/2016 01:15,2,1,100
04/02/2016 01:20,2,1,100
04/02/2016 01:25,2,1,100
04/02/2016 01:30,2,1,100
04/02/2016 01:35,4,1,100
04/02/2016 01:40,3,1,100
04/02/2016 01:45,2,1,100
04/02/2016 01:50,2,1,100
04/02/2016 01:55,2,1,100
04/02/2016 02:00,2,1,100
04/02/2016 02:05,2,1,100
04/02/2016 02:10,2,1,100
04/02/2016 02:15,1,1,100
04/02/2016 02:20,2,1,100
04/02/2016 02:25,2,1,100
04/02/2016 02:30,3,1,100
04/02/2016 02:35,2,1,100
04/02/2016 02:40,2,1,100
04/02/2016 02:45,1,1,100
04/02/2016 02:50,4,1,100
04/02/2016 02:55,1,1,100
04/02/2016 03:00,2,1,100
04/02/2016 03:05,3,1,100
04/02/2016 03:10,2,1,100
04/02/2016 03:15,2,1,100
04/02/2016 03:20,4,1,100
04/02/2016 03:25,2,1,100
04/02/2016 03:30,3,1,100
04/02/2016 03:35,5,1,100
04/02/2016 03:40,5,1,100
04/02/2016 03:45,4,1,100
04/02/2016 03:50,5,1,100
04/02/2016 03:55,5,1,100
04/02/2016 04:00,5,1,100
04/02/2016 04:05,5,1,100
04/02/2016 04:10,4,1,100
04/02/2016 04:15,4,1,100
04/02/2016 04:20,7,1,100
04/02/2016 04:25,4,1,100
04/02/2016 04:30,11,1,100
04/02/2016 04:35,15,1,100
04/02/2016 04:40,16,1,100
04/02/2016 04:45,21,1,100
04/02/2016 04:50,21,1,100
04/02/2016 04:55,24,1,100
04/02/2016 05:00,19,1,100
04/02/2016 05:05,22,1,100
04/02/2016 05:10,38,1,100
04/02/2016 05:15,29,1,100
04/02/2016 05:20,31,1,100
04/02/2016 05:25,32,1,100
04/02/2016 05:30,30,1,100
04/02/2016 05:35,41,1,100
04/02/2016 05:40,44,1,100
04/02/2016 05:45,57,1,100
04/02/2016 05:50,54,1,100
04/02/2016 05:55,52,1,100
04/02/2016 06:00,49,1,100
04/02/2016 06:05,49,1,100
04/02/2016 06:10,50,1,100
04/02/2016 06:15,68,1,100
04/02/2016 06:20,72,1,100
04/02/2016 06:25,74,1,100
04/02/2016 06:30,77,1,100
04/02/2016 06:35,83,1,100
04/02/2016 06:40,89,1,100
04/02/2016 06:45,100,1,100
04/02/2016 06:50,80,1,100
04/02/2016 06:55,69,1,100
04/02/2016 07:00,78,1,100
04/02/2016 07:05,60,1,100
04/02/2016 07:10,63,1,100
04/02/2016 07:15,56,1,100
04/02/2016 07:20,50,1,100
04/02/2016 07:25,46,1,100
04/02/2016 07:30,42,1,100
04/02/2016 07:35,41,1,100
04/02/2016 07:40,42,1,100
04/02/2016 07:45,35,1,100
04/02/2016 07:50,37,1,100
04/02/2016 07:55,36,1,100
04/02/2016 08:00,31,1,100
04/02/2016 08:05,40,1,100
04/02/2016 08:10,45,1,100
04/02/2016 08:15,35,1,100
04/02/2016 08:20,40,1,100
04/02/2016 08:25,43,1,100
04/02/2016 08:30,38,1,100
04/02/2016 08:35,34,1,100
04/02/2016 08:40,38,1,100
04/02/2016 08:45,34,1,100
04/02/2016 08:50,39,1,100
04/02/2016 08:55,30,1,100
04/02/2016 09:00,41,1,100
04/02/2016 09:05,40,1,100
04/02/2016 09:10,50,1,100
04/02/2016 09:15,54,1,100
04/02/2016 09:20,53,1,100
04/02/2016 09:25,59,1,100
04/02/2016 09:30,61,1,100
04/02/2016 09:35,59,1,100
04/02/2016 09:40,63,1,100
04/02/2016 09:45,50,1,100
04/02/2016 09:50,54,1,100
04/02/2016 09:55,54,1,100
04/02/2016 10:00,58,1,100
04/02/2016 10:05,50,1,100
04/02/2016 10:10,55,1,100
04/02/2016 10:15,61,1,100
04/02/2016 10:20,62,1,100
04/02/2016 10:25,56,1,100
04/02/2016 10:30,55,1,100
04/02/2016 10:35,53,1,100
04/02/2016 10:40,58,1,100
04/02/2016 10:45,58,1,100
04/02/2016 10:50,53,1,100
04/02/2016 10:55,48,1,100
04/02/2016 11:00,51,1,100
04/02/2016 11:05,53,1,100
04/02/2016 11:10,59,1,100
04/02/2016 11:15,53,1,100
04/02/2016 11:20,63,1,100
04/02/2016 11:25,38,1,100
04/02/2016 11:30,52,1,100
04/02/2016 11:35,58,1,100
04/02/2016 11:40,57,1,100
04/02/2016 11:45,53,1,100
04/02/2016 11:50,47,1,100
04/02/2016 11:55,49,1,100
04/02/2016 12:00,45,1,100
04/02/2016 12:05,39,1,100
04/02/2016 12:10,47,1,100
04/02/2016 12:15,51,1,100
04/02/2016 12:20,49,1,100
04/02/2016 12:25,53,1,100
04/02/2016 12:30,50,1,100
04/02/2016 12:35,48,1,100
04/02/2016 12:40,59,1,100
04/02/2016 12:45,49,1,100
04/02/2016 12:50,56,1,100
04/02/2016 12:55,47,1,100
04/02/2016 13:00,52,1,100
04/02/2016 13:05,50,1,100
04/02/2016 13:10,42,1,100
04/02/2016 13:15,48,1,100
04/02/2016 13:20,51,1,100
04/02/2016 13:25,50,1,100
04/02/2016 13:30,49,1,100
04/02/2016 13:35,43,1,100
04/02/2016 13:40,50,1,100
04/02/2016 13:45,51,1,100
04/02/2016 13:50,52,1,100
04/02/2016 13:55,47,1,100
04/02/2016 14:00,52,1,100
04/02/2016 14:05,53,1,100
04/02/2016 14:10,53,1,100
04/02/2016 14:15,43,1,100
04/02/2016 14:20,51,1,100
04/02/2016 14:25,55,1,100
04/02/2016 14:30,50,1,100
04/02/2016 14:35,53,1,100
04/02/2016 14:40,55,1,100
04/02/2016 14:45,58,1,100
04/02/2016 14:50,51,1,100
04/02/2016 14:55,55,1,100
04/02/2016 15:00,51,1,100
04/02/2016 15:05,56,1,100
04/02/2016 15:10,42,1,100
04/02/2016 15:15,53,1,100
04/02/2016 15:20,48,1,100
04/02/2016 15:25,47,1,100
04/02/2016 15:30,45,1,100
04/02/2016 15:35,49,1,100
04/02/2016 15:40,53,1,100
04/02/2016 15:45,59,1,100
04/02/2016 15:50,55,1,100
04/02/2016 15:55,50,1,100
04/02/2016 16:00,54,1,100
04/02/2016 16:05,52,1,100
04/02/2016 16:10,44,1,100
04/02/2016 16:15,58,1,100
04/02/2016 16:20,51,1,100
04/02/2016 16:25,46,1,100
04/02/2016 16:30,45,1,100
04/02/2016 16:35,53,1,100
04/02/2016 16:40,49,1,100
04/02/2016 16:45,53,1,100
04/02/2016 16:50,41,1,100
04/02/2016 16:55,50,1,100
04/02/2016 17:00,47,1,100
04/02/2016 17:05,38,1,100
04/02/2016 17:10,43,1,100
04/02/2016 17:15,51,1,100
04/02/2016 17:20,43,1,100
04/02/2016 17:25,50,1,100
04/02/2016 17:30,50,1,100
04/02/2016 17:35,48,1,100
04/02/2016 17:40,42,1,100
04/02/2016 17:45,46,1,100
04/02/2016 17:50,46,1,100
04/02/2016 17:55,41,1,100
04/02/2016 18:00,43,1,100
04/02/2016 18:05,38,1,100
04/02/2016 18:10,45,1,100
04/02/2016 18:15,48,1,100
04/02/2016 18:20,42,1,100
04/02/2016 18:25,45,1,100
04/02/2016 18:30,44,1,100
04/02/2016 18:35,37,1,100
04/02/2016 18:40,38,1,100
04/02/2016 18:45,32,1,100
04/02/2016 18:50,41,1,100
04/02/2016 18:55,42,1,100
04/02/2016 19:00,38,1,100
04/02/2016 19:05,43,1,100
04/02/2016 19:10,39,1,100
04/02/2016 19:15,39,1,100
04/02/2016 19:20,41,1,100
04/02/2016 19:25,44,1,100
04/02/2016 19:30,43,1,100
04/02/2016 19:35,37,1,100
04/02/2016 19:40,39,1,100
04/02/2016 19:45,30,1,100
04/02/2016 19:50,42,1,100
04/02/2016 19:55,39,1,100
04/02/2016 20:00,32,1,100
04/02/2016 20:05,28,1,100
04/02/2016 20:10,33,1,100
04/02/2016 20:15,27,1,100
04/02/2016 20:20,32,1,100
04/02/2016 20:25,26,1,100
04/02/2016 20:30,29,1,100
04/02/2016 20:35,28,1,100
04/02/2016 20:40,27,1,100
04/02/2016 20:45,26,1,100
04/02/2016 20:50,23,1,100
04/02/2016 20:55,21,1,100
04/02/2016 21:00,22,1,100
04/02/2016 21:05,27,1,100
04/02/2016 21:10,29,1,100
04/02/2016 21:15,27,1,100
04/02/2016 21:20,23,1,100
04/02/2016 21:25,23,1,100
04/02/2016 21:30,23,1,100
04/02/2016 21:35,18,1,100
04/02/2016 21:40,20,1,100
04/02/2016 21:45,25,1,100
04/02/2016 21:50,20,1,100
04/02/2016 21:55,19,1,100
04/02/2016 22:00,18,1,100
04/02/2016 22:05,13,1,100
04/02/2016 22:10,15,1,100
04/02/2016 22:15,21,1,100
04/02/2016 22:20,20,1,100
04/02/2016 22:25,14,1,100
04/02/2016 22:30,15,1,100
04/02/2016 22:35,11,1,100
04/02/2016 22:40,13,1,100
04/02/2016 22:45,14,1,100
04/02/2016 22:50,10,1,100
04/02/2016 22:55,9,1,100
04/02/2016 23:00,7,1,100
04/02/2016 23:05,11,1,100
04/02/2016 23:10,11,1,100
04/02/2016 23:15,11,1,100
04/02/2016 23:20,9,1,100
04/02/2016 23:25,11,1,100
04/02/2016 23:30,4,1,100
04/02/2016 23:35,9,1,100
04/02/2016 23:40,8,1,100
04/02/2016 23:45,9,1,100
04/02/2016 23:50,5,1,100
04/02/2016 23:55,8,1,100
05/02/2016 00:00,6,1,100
05/02/2016 00:05,7,1,100
05/02/2016 00:10,7,1,100
05/02/2016 00:15,3,1,100
05/02/2016 00:20,6,1,100
05/02/2016 00:25,6,1,100
05/02/2016 00:30,6,1,100
05/02/2016 00:35,6,1,100
05/02/2016 00:40,4,1,100
05/02/2016 00:45,4,1,100
05/02/2016 00:50,5,1,100
05/02/2016 00:55,2,1,100
05/02/2016 01:00,3,1,100
05/02/2016 01:05,2,1,100
05/02/2016 01:10,3,1,100
05/02/2016 01:15,6,1,100
05/02/2016 01:20,2,1,100
05/02/2016 01:25,2,1,100
05/02/2016 01:30,3,1,100
05/02/2016 01:35,2,1,100
05/02/2016 01:40,1,1,100
05/02/2016 01:45,2,1,100
05/02/2016 01:50,1,1,100
05/02/2016 01:55,1,1,100
05/02/2016 02:00,4,1,100
05/02/2016 02:05,3,1,100
05/02/2016 02:10,3,1,100
05/02/2016 02:15,4,1,100
05/02/2016 02:20,3,1,100
05/02/2016 02:25,2,1,100
05/02/2016 02:30,1,1,100
05/02/2016 02:35,3,1,100
05/02/2016 02:40,4,1,100
05/02/2016 02:45,2,1,100
05/02/2016 02:50,1,1,100
05/02/2016 02:55,2,1,100
05/02/2016 03:00,1,1,100
05/02/2016 03:05,2,1,100
05/02/2016 03:10,3,1,100
05/02/2016 03:15,2,1,100
05/02/2016 03:20,4,1,100
05/02/2016 03:25,4,1,100
05/02/2016 03:30,4,1,100
05/02/2016 03:35,3,1,100
05/02/2016 03:40,3,1,100
05/02/2016 03:45,6,1,100
05/02/2016 03:50,5,1,100
05/02/2016 03:55,3,1,100
05/02/2016 04:00,3,1,100
05/02/2016 04:05,3,1,100
05/02/2016 04:10,6,1,100
05/02/2016 04:15,4,1,100
05/02/2016 04:20,3,1,100
05/02/2016 04:25,9,1,100
05/02/2016 04:30,8,1,100
05/02/2016 04:35,13,1,100
05/02/2016 04:40,19,1,100
05/02/2016 04:45,14,1,100
05/02/2016 04:50,18,1,100
05/02/2016 04:55,14,1,100
05/02/2016 05:00,16,1,100
05/02/2016 05:05,24,1,100
05/02/2016 05:10,27,1,100
05/02/2016 05:15,25,1,100
05/02/2016 05:20,30,1,100
05/02/2016 05:25,30,1,100
05/02/2016 05:30,34,1,100
05/02/2016 05:35,35,1,100
05/02/2016 05:40,41,1,100
05/02/2016 05:45,37,1,100
05/02/2016 05:50,44,1,100
05/02/2016 05:55,39,1,100
05/02/2016 06:00,42,1,100
05/02/2016 06:05,41,1,100
05/02/2016 06:10,58,1,100
05/02/2016 06:15,60,1,100
05/02/2016 06:20,81,1,100
05/02/2016 06:25,60,1,100
05/02/2016 06:30,64,1,100
05/02/2016 06:35,77,1,100
05/02/2016 06:40,86,1,100
05/02/2016 06:45,82,1,100
05/02/2016 06:50,69,1,100
05/02/2016 06:55,68,1,100
05/02/2016 07:00,73,1,100
05/02/2016 07:05,66,1,100
05/02/2016 07:10,65,1,100
05/02/2016 07:15,70,1,100
05/02/2016 07:20,65,1,100
05/02/2016 07:25,54,1,100
05/02/2016 07:30,42,1,100
05/02/2016 07:35,44,1,100
05/02/2016 07:40,39,1,100
05/02/2016 07:45,36,1,100
05/02/2016 07:50,43,1,100
05/02/2016 07:55,36,1,100
05/02/2016 08:00,40,1,100
05/02/2016 08:05,42,1,100
05/02/2016 08:10,41,1,100
05/02/2016 08:15,42,1,100
05/02/2016 08:20,43,1,100
05/02/2016 08:25,39,1,100
05/02/2016 08:30,37,1,100
05/02/2016 08:35,34,1,100
05/02/2016 08:40,34,1,100
05/02/2016 08:45,43,1,100
05/02/2016 08:50,37,1,100
05/02/2016 08:55,39,1,100
05/02/2016 09:00,45,1,100
05/02/2016 09:05,45,1,100
05/02/2016 09:10,46,1,100
05/02/2016 09:15,53,1,100
05/02/2016 09:20,53,1,100
05/02/2016 09:25,54,1,100
05/02/2016 09:30,62,1,100
05/02/2016 09:35,53,1,100
05/02/2016 09:40,58,1,100
05/02/2016 09:45,50,1,100
05/02/2016 09:50,46,1,100
05/02/2016 09:55,50,1,100
05/02/2016 10:00,49,1,100
05/02/2016 10:05,56,1,100
05/02/2016 10:10,62,1,100
05/02/2016 10:15,61,1,100
05/02/2016 10:20,57,1,100
05/02/2016 10:25,55,1,100
05/02/2016 10:30,50,1,100
05/02/2016 10:35,56,1,100
05/02/2016 10:40,56,1,100
05/02/2016 10:45,55,1,100
05/02/2016 10:50,57,1,100
05/02/2016 10:55,50,1,100
05/02/2016 11:00,46,1,100
05/02/2016 11:05,52,1,100
05/02/2016 11:10,57,1,100
05/02/2016 11:15,50,1,100
05/02/2016 11:20,54,1,100
05/02/2016 11:25,56,1,100
05/02/2016 11:30,42,1,100
05/02/2016 11:35,48,1,100
05/02/2016 11:40,58,1,100
05/02/2016 11:45,49,1,100
05/02/2016 11:50,63,1,100
05/02/2016 11:55,56,1,100
05/02/2016 12:00,51,1,100
05/02/2016 12:05,55,1,100
05/02/2016 12:10,50,1,100
05/02/2016 12:15,51,1,100
05/02/2016 12:20,53,1,100
05/02/2016 12:25,53,1,100
05/02/2016 12:30,57,1,100
05/02/2016 12:35,49,1,100
05/02/2016 12:40,44,1,100
05/02/2016 12:45,52,1,100
05/02/2016 12:50,51,1,100
05/02/2016 12:55,42,1,100
05/02/2016 13:00,46,1,100
05/02/2016 13:05,45,1,100
05/02/2016 13:10,46,1,100
05/02/2016 13:15,51,1,100
05/02/2016 13:20,52,1,100
05/02/2016 13:25,58,1,100
05/02/2016 13:30,48,1,100
05/02/2016 13:35,46,1,100
05/02/2016 13:40,56,1,100
05/02/2016 13:45,49,1,100
05/02/2016 13:50,53,1,100
05/02/2016 13:55,53,1,100
05/02/2016 14:00,46,1,100
05/02/2016 14:05,39,1,100
05/02/2016 14:10,52,1,100
05/02/2016 14:15,43,1,100
05/02/2016 14:20,52,1,100
05/02/2016 14:25,55,1,100
05/02/2016 14:30,43,1,100
05/02/2016 14:35,55,1,100
05/02/2016 14:40,66,1,100
05/02/2016 14:45,58,1,100
05/02/2016 14:50,56,1,100
05/02/2016 14:55,57,1,100
05/02/2016 15:00,57,1,100
05/02/2016 15:05,51,1,100
05/02/2016 15:10,46,1,100
05/02/2016 15:15,51,1,100
05/02/2016 15:20,54,1,100
05/02/2016 15:25,60,1,100
05/02/2016 15:30,51,1,100
05/02/2016 15:35,45,1,100
05/02/2016 15:40,47,1,100
05/02/2016 15:45,56,1,100
05/02/2016 15:50,47,1,100
05/02/2016 15:55,48,1,100
05/02/2016 16:00,46,1,100
05/02/2016 16:05,44,1,100
05/02/2016 16:10,45,1,100
05/02/2016 16:15,52,1,100
05/02/2016 16:20,59,1,100
05/02/2016 16:25,41,1,100
05/02/2016 16:30,44,1,100
05/02/2016 16:35,49,1,100
05/02/2016 16:40,48,1,100
05/02/2016 16:45,50,1,100
05/02/2016 16:50,45,1,100
05/02/2016 16:55,40,1,100
05/02/2016 17:00,45,1,100
05/02/2016 17:05,45,1,100
05/02/2016 17:10,51,1,100
05/02/2016 17:15,52,1,100
05/02/2016 17:20,53,1,100
05/02/2016 17:25,45,1,100
05/02/2016 17:30,45,1,100
05/02/2016 17:35,46,1,100
05/02/2016 17:40,46,1,100
05/02/2016 17:45,45,1,100
05/02/2016 17:50,41,1,100
05/02/2016 17:55,39,1,100
05/02/2016 18:00,37,1,100
05/02/2016 18:05,41,1,100
05/02/2016 18:10,39,1,100
05/02/2016 18:15,34,1,100
05/02/2016 18:20,47,1,100
05/02/2016 18:25,43,1,100
05/02/2016 18:30,42,1,100
05/02/2016 18:35,43,1,100
05/02/2016 18:40,49,1,100
05/02/2016 18:45,45,1,100
05/02/2016 18:50,42,1,100
05/02/2016 18:55,54,1,100
05/02/2016 19:00,47,1,100
05/02/2016 19:05,42,1,100
05/02/2016 19:10,43,1,100
05/02/2016 19:15,50,1,100
05/02/2016 19:20,45,1,100
05/02/2016 19:25,43,1,100
05/02/2016 19:30,49,1,100
05/02/2016 19:35,47,1,100
05/02/2016 19:40,49,1,100
05/02/2016 19:45,46,1,100
05/02/2016 19:50,46,1,100
05/02/2016 19:55,48,1,100
05/02/2016 20:00,40,1,100
05/02/2016 20:05,30,1,100
05/02/2016 20:10,30,1,100
05/02/2016 20:15,34,1,100
05/02/2016 20:20,30,1,100
05/02/2016 20:25,34,1,100
05/02/2016 20:30,37,1,100
05/02/2016 20:35,40,1,100
05/02/2016 20:40,36,1,100
05/02/2016 20:45,34,1,100
05/02/2016 20:50,23,1,100
05/02/2016 20:55,30,1,100
05/02/2016 21:00,28,1,100
05/02/2016 21:05,30,1,100
05/02/2016 21:10,26,1,100
05/02/2016 21:15,31,1,100
05/02/2016 21:20,26,1,100
05/02/2016 21:25,25,1,100
05/02/2016 21:30,29,1,100
05/02/2016 21:35,28,1,100
05/02/2016 21:40,31,1,100
05/02/2016 21:45,23,1,100
05/02/2016 21:50,25,1,100
05/02/2016 21:55,20,1,100
05/02/2016 22:00,20,1,100
05/02/2016 22:05,22,1,100
05/02/2016 22:10,23,1,100
05/02/2016 22:15,24,1,100
05/02/2016 22:20,21,1,100
05/02/2016 22:25,20,1,100
05/02/2016 22:30,17,1,100
05/02/2016 22:35,23,1,100
05/02/2016 22:40,16,1,100
05/02/2016 22:45,13,1,100
05/02/2016 22:50,20,1,100
05/02/2016 22:55,19,1,100
05/02/2016 23:00,20,1,100
05/02/2016 23:05,12,1,100
05/02/2016 23:10,15,1,100
05/02/2016 23:15,14,1,100
05/02/2016 23:20,14,1,100
05/02/2016 23:25,9,1,100
05/02/2016 23:30,11,1,100
05/02/2016 23:35,11,1,100
05/02/2016 23:40,12,1,100
05/02/2016 23:45,16,1,100
05/02/2016 23:50,11,1,100
05/02/2016 23:55,9,1,100
08/02/2016 00:00,8,1,100
08/02/2016 00:05,6,1,100
08/02/2016 00:10,4,1,100
08/02/2016 00:15,9,1,100
08/02/2016 00:20,6,1,100
08/02/2016 00:25,5,1,100
08/02/2016 00:30,4,1,100
08/02/2016 00:35,8,1,100
08/02/2016 00:40,4,1,100
08/02/2016 00:45,5,1,100
08/02/2016 00:50,5,1,100
08/02/2016 00:55,2,1,100
08/02/2016 01:00,3,1,100
08/02/2016 01:05,5,1,100
08/02/2016 01:10,5,1,100
08/02/2016 01:15,4,1,100
08/02/2016 01:20,3,1,100
08/02/2016 01:25,4,1,100
08/02/2016 01:30,5,1,100
08/02/2016 01:35,2,1,100
08/02/2016 01:40,4,1,100
08/02/2016 01:45,3,1,100
08/02/2016 01:50,3,1,100
08/02/2016 01:55,2,1,100
08/02/2016 02:00,4,1,100
08/02/2016 02:05,1,1,100
08/02/2016 02:10,2,1,100
08/02/2016 02:15,4,1,100
08/02/2016 02:20,5,1,100
08/02/2016 02:25,5,1,100
08/02/2016 02:30,5,1,100
08/02/2016 02:35,3,1,100
08/02/2016 02:40,4,1,100
08/02/2016 02:45,4,1,100
08/02/2016 02:50,3,1,100
08/02/2016 02:55,3,1,100
08/02/2016 03:00,2,1,100
08/02/2016 03:05,3,1,100
08/02/2016 03:10,7,1,100
08/02/2016 03:15,4,1,100
08/02/2016 03:20,2,1,100
08/02/2016 03:25,3,1,100
08/02/2016 03:30,5,1,100
08/02/2016 03:35,4,1,100
08/02/2016 03:40,4,1,100
08/02/2016 03:45,7,1,100
08/02/2016 03:50,6,1,100
08/02/2016 03:55,5,1,100
08/02/2016 04:00,5,1,100
08/02/2016 04:05,9,1,100
08/02/2016 04:10,10,1,100
08/02/2016 04:15,12,1,100
08/02/2016 04:20,7,1,100
08/02/2016 04:25,13,1,100
08/02/2016 04:30,11,1,100
08/02/2016 04:35,12,1,100
08/02/2016 04:40,19,1,100
08/02/2016 04:45,23,1,100
08/02/2016 04:50,27,1,100
08/02/2016 04:55,24,1,100
08/02/2016 05:00,38,1,100
08/02/2016 05:05,27,1,100
08/02/2016 05:10,34,1,100
08/02/2016 05:15,35,1,100
08/02/2016 05:20,33,1,100
08/02/2016 05:25,45,1,100
08/02/2016 05:30,40,1,100
08/02/2016 05:35,47,1,100
08/02/2016 05:40,54,1,100
08/02/2016 05:45,46,1,100
08/02/2016 05:50,59,1,100
08/02/2016 05:55,55,1,100
08/02/2016 06:00,49,1,100
08/02/2016 06:05,60,1,100
08/02/2016 06:10,62,1,100
08/02/2016 06:15,64,1,100
08/02/2016 06:20,77,1,100
08/02/2016 06:25,80,1,100
08/02/2016 06:30,74,1,100
08/02/2016 06:35,86,1,100
08/02/2016 06:40,87,1,100
08/02/2016 06:45,83,1,100
08/02/2016 06:50,71,1,100
08/02/2016 06:55,65,1,100
08/02/2016 07:00,69,1,100
08/02/2016 07:05,72,1,100
08/02/2016 07:10,68,1,100
08/02/2016 07:15,57,1,100
08/02/2016 07:20,49,1,100
08/02/2016 07:25,45,1,100
08/02/2016 07:30,41,1,100
08/02/2016 07:35,41,1,100
08/02/2016 07:40,46,1,100
08/02/2016 07:45,41,1,100
08/02/2016 07:50,36,1,100
08/02/2016 07:55,44,1,100
08/02/2016 08:00,45,1,100
08/02/2016 08:05,37,1,100
08/02/2016 08:10,39,1,100
08/02/2016 08:15,38,1,100
08/02/2016 08:20,36,1,100
08/02/2016 08:25,38,1,100
08/02/2016 08:30,37,1,100
08/02/2016 08:35,42,1,100
08/02/2016 08:40,40,1,100
08/02/2016 08:45,42,1,100
08/02/2016 08:50,37,1,100
08/02/2016 08:55,41,1,100
08/02/2016 09:00,44,1,100
08/02/2016 09:05,45,1,100
08/02/2016 09:10,43,1,100
08/02/2016 09:15,53,1,100
08/02/2016 09:20,51,1,100
08/02/2016 09:25,57,1,100
08/02/2016 09:30,52,1,100
08/02/2016 09:35,58,1,100
08/02/2016 09:40,65,1,100
08/02/2016 09:45,54,1,100
08/02/2016 09:50,64,1,100
08/02/2016 09:55,48,1,100
08/02/2016 10:00,52,1,100
08/02/2016 10:05,61,1,100
08/02/2016 10:10,52,1,100
08/02/2016 10:15,49,1,100
08/02/2016 10:20,47,1,100
08/02/2016 10:25,56,1,100
08/02/2016 10:30,56,1,100
08/02/2016 10:35,50,1,100
08/02/2016 10:40,58,1,100
08/02/2016 10:45,54,1,100
08/02/2016 10:50,57,1,100
08/02/2016 10:55,50,1,100
08/02/2016 11:00,53,1,100
08/02/2016 11:05,45,1,100
08/02/2016 11:10,49,1,100
08/02/2016 11:15,55,1,100
08/02/2016 11:20,60,1,100
08/02/2016 11:25,50,1,100
08/02/2016 11:30,56,1,100
08/02/2016 11:35,57,1,100
08/02/2016 11:40,53,1,100
08/02/2016 11:45,55,1,100
08/02/2016 11:50,52,1,100
08/02/2016 11:55,59,1,100
08/02/2016 12:00,45,1,100
08/02/2016 12:05,44,1,100
08/02/2016 12:10,48,1,100
08/02/2016 12:15,45,1,100
08/02/2016 12:20,47,1,100
08/02/2016 12:25,60,1,100
08/02/2016 12:30,54,1,100
08/02/2016 12:35,53,1,100
08/02/2016 12:40,59,1,100
08/02/2016 12:45,50,1,100
08/02/2016 12:50,53,1,100
08/02/2016 12:55,46,1,100
08/02/2016 13:00,43,1,100
08/02/2016 13:05,45,1,100
08/02/2016 13:10,46,1,100
08/02/2016 13:15,52,1,100
08/02/2016 13:20,48,1,100
08/02/2016 13:25,47,1,100
08/02/2016 13:30,50,1,100
08/02/2016 13:35,52,1,100
08/02/2016 13:40,48,1,100
08/02/2016 13:45,52,1,100
08/02/2016 13:50,41,1,100
08/02/2016 13:55,30,1,100
08/02/2016 14:00,41,1,100
08/02/2016 14:05,48,1,100
08/02/2016 14:10,38,1,100
08/02/2016 14:15,46,1,100
08/02/2016 14:20,55,1,100
08/02/2016 14:25,62,1,100
08/02/2016 14:30,47,1,100
08/02/2016 14:35,49,1,100
08/02/2016 14:40,56,1,100
08/02/2016 14:45,60,1,100
08/02/2016 14:50,52,1,100
08/02/2016 14:55,48,1,100
08/02/2016 15:00,35,1,100
08/02/2016 15:05,55,1,100
08/02/2016 15:10,44,1,100
08/02/2016 15:15,42,1,100
08/02/2016 15:20,49,1,100
08/02/2016 15:25,45,1,100
08/02/2016 15:30,57,1,100
08/02/2016 15:35,47,1,100
08/02/2016 15:40,49,1,100
08/02/2016 15:45,51,1,100
08/02/2016 15:50,48,1,100
08/02/2016 15:55,45,1,100
08/02/2016 16:00,49,1,100
08/02/2016 16:05,39,1,100
08/02/2016 16:10,50,1,100
08/02/2016 16:15,48,1,100
08/02/2016 16:20,38,1,100
08/02/2016 16:25,42,1,100
08/02/2016 16:30,47,1,100
08/02/2016 16:35,44,1,100
08/02/2016 16:40,43,1,100
08/02/2016 16:45,48,1,100
08/02/2016 16:50,40,1,100
08/02/2016 16:55,38,1,100
08/02/2016 17:00,42,1,100
08/02/2016 17:05,43,1,100
08/02/2016 17:10,50,1,100
08/02/2016 17:15,49,1,100
08/02/2016 17:20,44,1,100
08/02/2016 17:25,57,1,100
08/02/2016 17:30,44,1,100
08/02/2016 17:35,33,1,100
08/02/2016 17:40,46,1,100
08/02/2016 17:45,41,1,100
08/02/2016 17:50,41,1,100
08/02/2016 17:55,37,1,100
08/02/2016 18:00,43,1,100
08/02/2016 18:05,37,1,100
08/02/2016 18:10,46,1,100
08/02/2016 18:15,36,1,100
08/02/2016 18:20,45,1,100
08/02/2016 18:25,36,1,100
08/02/2016 18:30,40,1,100
08/02/2016 18:35,36,1,100
08/02/2016 18:40,34,1,100
08/02/2016 18:45,35,1,100
08/02/2016 18:50,31,1,100
08/02/2016 18:55,36,1,100
08/02/2016 19:00,34,1,100
08/02/2016 19:05,27,1,100
08/02/2016 19:10,29,1,100
08/02/2016 19:15,34,1,100
08/02/2016 19:20,30,1,100
08/02/2016 19:25,26,1,100
08/02/2016 19:30,38,1,100
08/02/2016 19:35,30,1,100
08/02/2016 19:40,36,1,100
08/02/2016 19:45,27,1,100
08/02/2016 19:50,26,1,100
08/02/2016 19:55,29,1,100
08/02/2016 20:00,34,1,100
08/02/2016 20:05,26,1,100
08/02/2016 20:10,26,1,100
08/02/2016 20:15,28,1,100
08/02/2016 20:20,28,1,100
08/02/2016 20:25,24,1,100
08/02/2016 20:30,19,1,100
08/02/2016 20:35,26,1,100
08/02/2016 20:40,22,1,100
08/02/2016 20:45,20,1,100
08/02/2016 20:50,22,1,100
08/02/2016 20:55,20,1,100
08/02/2016 21:00,19,1,100
08/02/2016 21:05,17,1,100
08/02/2016 21:10,15,1,100
08/02/2016 21:15,23,1,100
08/02/2016 21:20,23,1,100
08/02/2016 21:25,21,1,100
08/02/2016 21:30,19,1,100
08/02/2016 21:35,17,1,100
08/02/2016 21:40,16,1,100
08/02/2016 21:45,19,1,100
08/02/2016 21:50,18,1,100
08/02/2016 21:55,13,1,100
08/02/2016 22:00,12,1,100
08/02/2016 22:05,11,1,100
08/02/2016 22:10,16,1,100
08/02/2016 22:15,11,1,100
08/02/2016 22:20,12,1,100
08/02/2016 22:25,15,1,100
08/02/2016 22:30,11,1,100
08/02/2016 22:35,14,1,100
08/02/2016 22:40,8,1,100
08/02/2016 22:45,7,1,100
08/02/2016 22:50,9,1,100
08/02/2016 22:55,8,1,100
08/02/2016 23:00,10,1,100
08/02/2016 23:05,13,1,100
08/02/2016 23:10,5,1,100
08/02/2016 23:15,6,1,100
08/02/2016 23:20,10,1,100
08/02/2016 23:25,7,1,100
08/02/2016 23:30,7,1,100
08/02/2016 23:35,9,1,100
08/02/2016 23:40,4,1,100
08/02/2016 23:45,7,1,100
08/02/2016 23:50,8,1,100
08/02/2016 23:55,6,1,100
09/02/2016 00:00,3,1,100
09/02/2016 00:05,7,1,100
09/02/2016 00:10,3,1,100
09/02/2016 00:15,5,1,100
09/02/2016 00:20,2,1,100
09/02/2016 00:25,8,1,100
09/02/2016 00:30,5,1,100
09/02/2016 00:35,3,1,100
09/02/2016 00:40,5,1,100
09/02/2016 00:45,6,1,100
09/02/2016 00:50,3,1,100
09/02/2016 00:55,3,1,100
09/02/2016 01:00,2,1,100
09/02/2016 01:05,4,1,100
09/02/2016 01:10,3,1,100
09/02/2016 01:15,2,1,100
09/02/2016 01:20,2,1,100
09/02/2016 01:25,3,1,100
09/02/2016 01:30,3,1,100
09/02/2016 01:35,1,1,100
09/02/2016 01:40,3,1,100
09/02/2016 01:45,2,1,100
09/02/2016 01:50,1,1,100
09/02/2016 01:55,2,1,100
09/02/2016 02:00,3,1,100
09/02/2016 02:05,3,1,100
09/02/2016 02:10,1,1,100
09/02/2016 02:15,4,1,100
09/02/2016 02:20,2,1,100
09/02/2016 02:25,3,1,100
09/02/2016 02:30,2,1,100
09/02/2016 02:35,3,1,100
09/02/2016 02:40,4,1,100
09/02/2016 02:45,2,1,100
09/02/2016 02:50,5,1,100
09/02/2016 02:55,2,1,100
09/02/2016 03:00,4,1,100
09/02/2016 03:05,7,1,100
09/02/2016 03:10,2,1,100
09/02/2016 03:15,1,1,100
09/02/2016 03:20,2,1,100
09/02/2016 03:25,2,1,100
09/02/2016 03:30,3,1,100
09/02/2016 03:35,3,1,100
09/02/2016 03:40,6,1,100
09/02/2016 03:45,2,1,100
09/02/2016 03:50,3,1,100
09/02/2016 03:55,4,1,100
09/02/2016 04:00,7,1,100
09/02/2016 04:05,5,1,100
09/02/2016 04:10,5,1,100
09/02/2016 04:15,5,1,100
09/02/2016 04:20,7,1,100
09/02/2016 04:25,12,1,100
09/02/2016 04:30,9,1,100
09/02/2016 04:35,12,1,100
09/02/2016 04:40,14,1,100
09/02/2016 04:45,14,1,100
09/02/2016 04:50,26,1,100
09/02/2016 04:55,20,1,100
09/02/2016 05:00,37,1,100
09/02/2016 05:05,26,1,100
09/02/2016 05:10,31,1,100
09/02/2016 05:15,31,1,100
09/02/2016 05:20,31,1,100
09/02/2016 05:25,40,1,100
09/02/2016 05:30,38,1,100
09/02/2016 05:35,51,1,100
09/02/2016 05:40,59,1,100
09/02/2016 05:45,55,1,100
09/02/2016 05:50,56,1,100
09/02/2016 05:55,47,1,100
09/02/2016 06:00,60,1,100
09/02/2016 06:05,56,1,100
09/02/2016 06:10,62,1,100
09/02/2016 06:15,65,1,100
09/02/2016 06:20,74,1,100
09/02/2016 06:25,78,1,100
09/02/2016 06:30,81,1,100
09/02/2016 06:35,86,1,100
09/02/2016 06:40,74,1,100
09/02/2016 06:45,91,1,100
09/02/2016 06:50,64,1,100
09/02/2016 06:55,64,1,100
09/02/2016 07:00,77,1,100
09/02/2016 07:05,65,1,100
09/02/2016 07:10,68,1,100
09/02/2016 07:15,48,1,100
09/02/2016 07:20,47,1,100
09/02/2016 07:25,39,1,100
09/02/2016 07:30,39,1,100
09/02/2016 07:35,45,1,100
09/02/2016 07:40,44,1,100
09/02/2016 07:45,36,1,100
09/02/2016 07:50,36,1,100
09/02/2016 07:55,39,1,100
09/02/2016 08:00,35,1,100
09/02/2016 08:05,34,1,100
09/02/2016 08:10,31,1,100
09/02/2016 08:15,36,1,100
09/02/2016 08:20,36,1,100
09/02/2016 08:25,33,1,100
09/02/2016 08:30,31,1,100
09/02/2016 08:35,37,1,100
09/02/2016 08:40,31,1,100
09/02/2016 08:45,34,1,100
09/02/2016 08:50,37,1,100
09/02/2016 08:55,36,1,100
09/02/2016 09:00,39,1,100
09/02/2016 09:05,43,1,100
09/02/2016 09:10,43,1,100
09/02/2016 09:15,44,1,100
09/02/2016 09:20,54,1,100
09/02/2016 09:25,47,1,100
09/02/2016 09:30,49,1,100
09/02/2016 09:35,44,1,100
09/02/2016 09:40,56,1,100
09/02/2016 09:45,56,1,100
09/02/2016 09:50,55,1,100
09/02/2016 09:55,58,1,100
09/02/2016 10:00,49,1,100
09/02/2016 10:05,49,1,100
09/02/2016 10:10,54,1,100
09/02/2016 10:15,58,1,100
09/02/2016 10:20,58,1,100
09/02/2016 10:25,55,1,100
09/02/2016 10:30,56,1,100
09/02/2016 10:35,64,1,100
09/02/2016 10:40,51,1,100
09/02/2016 10:45,62,1,100
09/02/2016 10:50,57,1,100
09/02/2016 10:55,57,1,100
09/02/2016 11:00,55,1,100
09/02/2016 11:05,51,1,100
09/02/2016 11:10,52,1,100
09/02/2016 11:15,51,1,100
09/02/2016 11:20,57,1,100
09/02/2016 11:25,51,1,100
09/02/2016 11:30,51,1,100
09/02/2016 11:35,46,1,100
09/02/2016 11:40,51,1,100
09/02/2016 11:45,59,1,100
09/02/2016 11:50,60,1,100
09/02/2016 11:55,45,1,100
09/02/2016 12:00,51,1,100
09/02/2016 12:05,46,1,100
09/02/2016 12:10,44,1,100
09/02/2016 12:15,51,1,100
09/02/2016 12:20,49,1,100
09/02/2016 12:25,47,1,100
09/02/2016 12:30,46,1,100
09/02/2016 12:35,47,1,100
09/02/2016 12:40,38,1,100
09/02/2016 12:45,49,1,100
09/02/2016 12:50,42,1,100
09/02/2016 12:55,50,1,100
09/02/2016 13:00,46,1,100
09/02/2016 13:05,50,1,100
09/02/2016 13:10,42,1,100
09/02/2016 13:15,52,1,100
09/02/2016 13:20,43,1,100
09/02/2016 13:25,43,1,100
09/02/2016 13:30,42,1,100
09/02/2016 13:35,45,1,100
09/02/2016 13:40,45,1,100
09/02/2016 13:45,58,1,100
09/02/2016 13:50,45,1,100
09/02/2016 13:55,47,1,100
09/02/2016 14:00,43,1,100
09/02/2016 14:05,49,1,100
09/02/2016 14:10,53,1,100
09/02/2016 14:15,50,1,100
09/02/2016 14:20,51,1,100
09/02/2016 14:25,55,1,100
09/02/2016 14:30,53,1,100
09/02/2016 14:35,45,1,100
09/02/2016 14:40,59,1,100
09/02/2016 14:45,54,1,100
09/02/2016 14:50,52,1,100
09/02/2016 14:55,47,1,100
09/02/2016 15:00,56,1,100
09/02/2016 15:05,46,1,100
09/02/2016 15:10,54,1,100
09/02/2016 15:15,29,1,100
09/02/2016 15:20,59,1,100
09/02/2016 15:25,57,1,100
09/02/2016 15:30,58,1,100
09/02/2016 15:35,52,1,100
09/02/2016 15:40,53,1,100
09/02/2016 15:45,59,1,100
09/02/2016 15:50,46,1,100
09/02/2016 15:55,47,1,100
09/02/2016 16:00,50,1,100
09/02/2016 16:05,54,1,100
09/02/2016 16:10,51,1,100
09/02/2016 16:15,49,1,100
09/02/2016 16:20,36,1,100
09/02/2016 16:25,54,1,100
09/02/2016 16:30,42,1,100
09/02/2016 16:35,40,1,100
09/02/2016 16:40,47,1,100
09/02/2016 16:45,46,1,100
09/02/2016 16:50,48,1,100
09/02/2016 16:55,42,1,100
09/02/2016 17:00,44,1,100
09/02/2016 17:05,46,1,100
09/02/2016 17:10,43,1,100
09/02/2016 17:15,54,1,100
09/02/2016 17:20,46,1,100
09/02/2016 17:25,52,1,100
09/02/2016 17:30,44,1,100
09/02/2016 17:35,44,1,100
09/02/2016 17:40,47,1,100
09/02/2016 17:45,44,1,100
09/02/2016 17:50,39,1,100
09/02/2016 17:55,38,1,100
09/02/2016 18:00,32,1,100
09/02/2016 18:05,40,1,100
09/02/2016 18:10,40,1,100
09/02/2016 18:15,32,1,100
09/02/2016 18:20,11,1,100
09/02/2016 18:25,52,1,100
09/02/2016 18:30,53,1,100
09/02/2016 18:35,49,1,100
09/02/2016 18:40,36,1,100
09/02/2016 18:45,37,1,100
09/02/2016 18:50,42,1,100
09/02/2016 18:55,31,1,100
09/02/2016 19:00,39,1,100
09/02/2016 19:05,41,1,100
09/02/2016 19:10,49,1,100
09/02/2016 19:15,39,1,100
09/02/2016 19:20,38,1,100
09/02/2016 19:25,39,1,100
09/02/2016 19:30,34,1,100
09/02/2016 19:35,30,1,100
09/02/2016 19:40,27,1,100
09/02/2016 19:45,33,1,100
09/02/2016 19:50,31,1,100
09/02/2016 19:55,27,1,100
09/02/2016 20:00,28,1,100
09/02/2016 20:05,36,1,100
09/02/2016 20:10,30,1,100
09/02/2016 20:15,26,1,100
09/02/2016 20:20,30,1,100
09/02/2016 20:25,32,1,100
09/02/2016 20:30,25,1,100
09/02/2016 20:35,23,1,100
09/02/2016 20:40,26,1,100
09/02/2016 20:45,25,1,100
09/02/2016 20:50,25,1,100
09/02/2016 20:55,27,1,100
09/02/2016 21:00,24,1,100
09/02/2016 21:05,16,1,100
09/02/2016 21:10,21,1,100
09/02/2016 21:15,22,1,100
09/02/2016 21:20,24,1,100
09/02/2016 21:25,27,1,100
09/02/2016 21:30,17,1,100
09/02/2016 21:35,20,1,100
09/02/2016 21:40,18,1,100
09/02/2016 21:45,15,1,100
09/02/2016 21:50,16,1,100
09/02/2016 21:55,16,1,100
09/02/2016 22:00,14,1,100
09/02/2016 22:05,14,1,100
09/02/2016 22:10,20,1,100
09/02/2016 22:15,22,1,100
09/02/2016 22:20,16,1,100
09/02/2016 22:25,14,1,100
09/02/2016 22:30,13,1,100
09/02/2016 22:35,13,1,100
09/02/2016 22:40,12,1,100
09/02/2016 22:45,14,1,100
09/02/2016 22:50,15,1,100
09/02/2016 22:55,10,1,100
09/02/2016 23:00,9,1,100
09/02/2016 23:05,10,1,100
09/02/2016 23:10,14,1,100
09/02/2016 23:15,7,1,100
09/02/2016 23:20,12,1,100
09/02/2016 23:25,5,1,100
09/02/2016 23:30,7,1,100
09/02/2016 23:35,5,1,100
09/02/2016 23:40,6,1,100
09/02/2016 23:45,6,1,100
09/02/2016 23:50,7,1,100
09/02/2016 23:55,3,1,100
10/02/2016 00:00,7,1,100
10/02/2016 00:05,6,1,100
10/02/2016 00:10,5,1,100
10/02/2016 00:15,5,1,100
10/02/2016 00:20,6,1,100
10/02/2016 00:25,5,1,100
10/02/2016 00:30,4,1,100
10/02/2016 00:35,3,1,100
10/02/2016 00:40,4,1,100
10/02/2016 00:45,6,1,100
10/02/2016 00:50,3,1,100
10/02/2016 00:55,4,1,100
10/02/2016 01:00,5,1,100
10/02/2016 01:05,1,1,100
10/02/2016 01:10,4,1,100
10/02/2016 01:15,2,1,100
10/02/2016 01:20,2,1,100
10/02/2016 01:25,3,1,100
10/02/2016 01:30,3,1,100
10/02/2016 01:35,3,1,100
10/02/2016 01:40,4,1,100
10/02/2016 01:45,5,1,100
10/02/2016 01:50,3,1,100
10/02/2016 01:55,1,1,100
10/02/2016 02:00,3,1,100
10/02/2016 02:05,2,1,100
10/02/2016 02:10,2,1,100
10/02/2016 02:15,2,1,100
10/02/2016 02:20,2,1,100
10/02/2016 02:25,1,1,100
10/02/2016 02:30,3,1,100
10/02/2016 02:35,1,1,100
10/02/2016 02:40,5,1,100
10/02/2016 02:45,4,1,100
10/02/2016 02:50,3,1,100
10/02/2016 02:55,2,1,100
10/02/2016 03:00,2,1,100
10/02/2016 03:05,1,1,100
10/02/2016 03:10,2,1,100
10/02/2016 03:15,2,1,100
10/02/2016 03:20,4,1,100
10/02/2016 03:25,3,1,100
10/02/2016 03:30,3,1,100
10/02/2016 03:35,3,1,100
10/02/2016 03:40,3,1,100
10/02/2016 03:45,4,1,100
10/02/2016 03:50,5,1,100
10/02/2016 03:55,5,1,100
10/02/2016 04:00,3,1,100
10/02/2016 04:05,5,1,100
10/02/2016 04:10,7,1,100
10/02/2016 04:15,7,1,100
10/02/2016 04:20,7,1,100
10/02/2016 04:25,16,1,100
10/02/2016 04:30,9,1,100
10/02/2016 04:35,14,1,100
10/02/2016 04:40,19,1,100
10/02/2016 04:45,19,1,100
10/02/2016 04:50,20,1,100
10/02/2016 04:55,25,1,100
10/02/2016 05:00,21,1,100
10/02/2016 05:05,27,1,100
10/02/2016 05:10,30,1,100
10/02/2016 05:15,29,1,100
10/02/2016 05:20,32,1,100
10/02/2016 05:25,33,1,100
10/02/2016 05:30,40,1,100
10/02/2016 05:35,47,1,100
10/02/2016 05:40,54,1,100
10/02/2016 05:45,50,1,100
10/02/2016 05:50,55,1,100
10/02/2016 05:55,44,1,100
10/02/2016 06:00,65,1,100
10/02/2016 06:05,53,1,100
10/02/2016 06:10,68,1,100
10/02/2016 06:15,71,1,100
10/02/2016 06:20,76,1,100
10/02/2016 06:25,64,1,100
10/02/2016 06:30,76,1,100
10/02/2016 06:35,94,1,100
10/02/2016 06:40,83,1,100
10/02/2016 06:45,75,1,100
10/02/2016 06:50,69,1,100
10/02/2016 06:55,62,1,100
10/02/2016 07:00,64,1,100
10/02/2016 07:05,62,1,100
10/02/2016 07:10,66,1,100
10/02/2016 07:15,70,1,100
10/02/2016 07:20,49,1,100
10/02/2016 07:25,53,1,100
10/02/2016 07:30,42,1,100
10/02/2016 07:35,36,1,100
10/02/2016 07:40,38,1,100
10/02/2016 07:45,39,1,100
10/02/2016 07:50,34,1,100
10/02/2016 07:55,34,1,100
10/02/2016 08:00,35,1,100
10/02/2016 08:05,45,1,100
10/02/2016 08:10,44,1,100
10/02/2016 08:15,47,1,100
10/02/2016 08:20,29,1,100
10/02/2016 08:25,38,1,100
10/02/2016 08:30,30,1,100
10/02/2016 08:35,40,1,100
10/02/2016 08:40,37,1,100
10/02/2016 08:45,36,1,100
10/02/2016 08:50,38,1,100
10/02/2016 08:55,31,1,100
10/02/2016 09:00,42,1,100
10/02/2016 09:05,40,1,100
10/02/2016 09:10,41,1,100
10/02/2016 09:15,51,1,100
10/02/2016 09:20,48,1,100
10/02/2016 09:25,55,1,100
10/02/2016 09:30,56,1,100
10/02/2016 09:35,57,1,100
10/02/2016 09:40,63,1,100
10/02/2016 09:45,50,1,100
10/02/2016 09:50,60,1,100
10/02/2016 09:55,56,1,100
10/02/2016 10:00,48,1,100
10/02/2016 10:05,53,1,100
10/02/2016 10:10,53,1,100
10/02/2016 10:15,51,1,100
10/02/2016 10:20,68,1,100
10/02/2016 10:25,53,1,100
10/02/2016 10:30,61,1,100
10/02/2016 10:35,57,1,100
10/02/2016 10:40,65,1,100
10/02/2016 10:45,51,1,100
10/02/2016 10:50,56,1,100
10/02/2016 10:55,52,1,100
10/02/2016 11:00,56,1,100
10/02/2016 11:05,54,1,100
10/02/2016 11:10,55,1,100
10/02/2016 11:15,59,1,100
10/02/2016 11:20,63,1,100
10/02/2016 11:25,54,1,100
10/02/2016 11:30,50,1,100
10/02/2016 11:35,58,1,100
10/02/2016 11:40,58,1,100
10/02/2016 11:45,42,1,100
10/02/2016 11:50,46,1,100
10/02/2016 11:55,45,1,100
10/02/2016 12:00,56,1,100
10/02/2016 12:05,37,1,100
10/02/2016 12:10,42,1,100
10/02/2016 12:15,47,1,100
10/02/2016 12:20,51,1,100
10/02/2016 12:25,49,1,100
10/02/2016 12:30,47,1,100
10/02/2016 12:35,56,1,100
10/02/2016 12:40,55,1,100
10/02/2016 12:45,55,1,100
10/02/2016 12:50,53,1,100
10/02/2016 12:55,47,1,100
10/02/2016 13:00,44,1,100
10/02/2016 13:05,53,1,100
10/02/2016 13:10,31,1,100
10/02/2016 13:15,51,1,100
10/02/2016 13:20,53,1,100
10/02/2016 13:25,46,1,100
10/02/2016 13:30,46,1,100
10/02/2016 13:35,46,1,100
10/02/2016 13:40,48,1,100
10/02/2016 13:45,56,1,100
10/02/2016 13:50,56,1,100
10/02/2016 13:55,50,1,100
10/02/2016 14:00,52,1,100
10/02/2016 14:05,45,1,100
10/02/2016 14:10,55,1,100
10/02/2016 14:15,55,1,100
10/02/2016 14:20,52,1,100
10/02/2016 14:25,50,1,100
10/02/2016 14:30,54,1,100
10/02/2016 14:35,49,1,100
10/02/2016 14:40,48,1,100
10/02/2016 14:45,53,1,100
10/02/2016 14:50,59,1,100
10/02/2016 14:55,44,1,100
10/02/2016 15:00,56,1,100
10/02/2016 15:05,48,1,100
10/02/2016 15:10,52,1,100
10/02/2016 15:15,48,1,100
10/02/2016 15:20,40,1,100
10/02/2016 15:25,56,1,100
10/02/2016 15:30,44,1,100
10/02/2016 15:35,54,1,100
10/02/2016 15:40,59,1,100
10/02/2016 15:45,51,1,100
10/02/2016 15:50,57,1,100
10/02/2016 15:55,51,1,100
10/02/2016 16:00,47,1,100
10/02/2016 16:05,44,1,100
10/02/2016 16:10,45,1,100
10/02/2016 16:15,58,1,100
10/02/2016 16:20,44,1,100
10/02/2016 16:25,41,1,100
10/02/2016 16:30,45,1,100
10/02/2016 16:35,55,1,100
10/02/2016 16:40,43,1,100
10/02/2016 16:45,45,1,100
10/02/2016 16:50,42,1,100
10/02/2016 16:55,44,1,100
10/02/2016 17:00,42,1,100
10/02/2016 17:05,41,1,100
10/02/2016 17:10,46,1,100
10/02/2016 17:15,54,1,100
10/02/2016 17:20,48,1,100
10/02/2016 17:25,44,1,100
10/02/2016 17:30,37,1,100
10/02/2016 17:35,37,1,100
10/02/2016 17:40,40,1,100
10/02/2016 17:45,40,1,100
10/02/2016 17:50,41,1,100
10/02/2016 17:55,42,1,100
10/02/2016 18:00,42,1,100
10/02/2016 18:05,38,1,100
10/02/2016 18:10,43,1,100
10/02/2016 18:15,49,1,100
10/02/2016 18:20,44,1,100
10/02/2016 18:25,37,1,100
10/02/2016 18:30,37,1,100
10/02/2016 18:35,41,1,100
10/02/2016 18:40,38,1,100
10/02/2016 18:45,40,1,100
10/02/2016 18:50,32,1,100
10/02/2016 18:55,34,1,100
10/02/2016 19:00,39,1,100
10/02/2016 19:05,32,1,100
10/02/2016 19:10,42,1,100
10/02/2016 19:15,33,1,100
10/02/2016 19:20,41,1,100
10/02/2016 19:25,37,1,100
10/02/2016 19:30,32,1,100
10/02/2016 19:35,39,1,100
10/02/2016 19:40,31,1,100
10/02/2016 19:45,32,1,100
10/02/2016 19:50,27,1,100
10/02/2016 19:55,27,1,100
10/02/2016 20:00,30,1,100
10/02/2016 20:05,27,1,100
10/02/2016 20:10,23,1,100
10/02/2016 20:15,35,1,100
10/02/2016 20:20,38,1,100
10/02/2016 20:25,29,1,100
10/02/2016 20:30,27,1,100
10/02/2016 20:35,28,1,100
10/02/2016 20:40,22,1,100
10/02/2016 20:45,33,1,100
10/02/2016 20:50,18,1,100
10/02/2016 20:55,21,1,100
10/02/2016 21:00,22,1,100
10/02/2016 21:05,27,1,100
10/02/2016 21:10,27,1,100
10/02/2016 21:15,21,1,100
10/02/2016 21:20,29,1,100
10/02/2016 21:25,21,1,100
10/02/2016 21:30,20,1,100
10/02/2016 21:35,23,1,100
10/02/2016 21:40,20,1,100
10/02/2016 21:45,18,1,100
10/02/2016 21:50,19,1,100
10/02/2016 21:55,16,1,100
10/02/2016 22:00,19,1,100
10/02/2016 22:05,17,1,100
10/02/2016 22:10,17,1,100
10/02/2016 22:15,15,1,100
10/02/2016 22:20,18,1,100
10/02/2016 22:25,14,1,100
10/02/2016 22:30,16,1,100
10/02/2016 22:35,11,1,100
10/02/2016 22:40,11,1,100
10/02/2016 22:45,14,1,100
10/02/2016 22:50,9,1,100
10/02/2016 22:55,11,1,100
10/02/2016 23:00,9,1,100
10/02/2016 23:05,9,1,100
10/02/2016 23:10,11,1,100
10/02/2016 23:15,8,1,100
10/02/2016 23:20,13,1,100
10/02/2016 23:25,7,1,100
10/02/2016 23:30,6,1,100
10/02/2016 23:35,8,1,100
10/02/2016 23:40,7,1,100
10/02/2016 23:45,12,1,100
10/02/2016 23:50,7,1,100
10/02/2016 23:55,5,1,100
17/02/2016 00:00,4,1,100
17/02/2016 00:05,4,1,100
17/02/2016 00:10,4,1,100
17/02/2016 00:15,6,1,100
17/02/2016 00:20,4,1,100
17/02/2016 00:25,8,1,100
17/02/2016 00:30,6,1,100
17/02/2016 00:35,6,1,100
17/02/2016 00:40,4,1,100
17/02/2016 00:45,3,1,100
17/02/2016 00:50,2,1,100
17/02/2016 00:55,2,1,100
17/02/2016 01:00,3,1,100
17/02/2016 01:05,3,1,100
17/02/2016 01:10,3,1,100
17/02/2016 01:15,2,1,100
17/02/2016 01:20,1,1,100
17/02/2016 01:25,2,1,100
17/02/2016 01:30,1,1,100
17/02/2016 01:35,3,1,100
17/02/2016 01:40,2,1,100
17/02/2016 01:45,1,1,100
17/02/2016 01:50,4,1,100
17/02/2016 01:55,4,1,100
17/02/2016 02:00,3,1,100
17/02/2016 02:05,1,1,100
17/02/2016 02:10,3,1,100
17/02/2016 02:15,2,1,100
17/02/2016 02:20,2,1,100
17/02/2016 02:25,5,1,100
17/02/2016 02:30,2,1,100
17/02/2016 02:35,4,1,100
17/02/2016 02:40,2,1,100
17/02/2016 02:45,3,1,100
17/02/2016 02:50,3,1,100
17/02/2016 02:55,2,1,100
17/02/2016 03:00,1,1,100
17/02/2016 03:05,2,1,100
17/02/2016 03:10,2,1,100
17/02/2016 03:15,4,1,100
17/02/2016 03:20,2,1,100
17/02/2016 03:25,2,1,100
17/02/2016 03:30,4,1,100
17/02/2016 03:35,4,1,100
17/02/2016 03:40,5,1,100
17/02/2016 03:45,4,1,100
17/02/2016 03:50,4,1,100
17/02/2016 03:55,5,1,100
17/02/2016 04:00,3,1,100
17/02/2016 04:05,6,1,100
17/02/2016 04:10,6,1,100
17/02/2016 04:15,9,1,100
17/02/2016 04:20,4,1,100
17/02/2016 04:25,11,1,100
17/02/2016 04:30,14,1,100
17/02/2016 04:35,15,1,100
17/02/2016 04:40,15,1,100
17/02/2016 04:45,17,1,100
17/02/2016 04:50,20,1,100
17/02/2016 04:55,27,1,100
17/02/2016 05:00,24,1,100
17/02/2016 05:05,32,1,100
17/02/2016 05:10,26,1,100
17/02/2016 05:15,29,1,100
17/02/2016 05:20,36,1,100
17/02/2016 05:25,37,1,100
17/02/2016 05:30,40,1,100
17/02/2016 05:35,52,1,100
17/02/2016 05:40,58,1,100
17/02/2016 05:45,55,1,100
17/02/2016 05:50,49,1,100
17/02/2016 05:55,43,1,100
17/02/2016 06:00,55,1,100
17/02/2016 06:05,60,1,100
17/02/2016 06:10,58,1,100
17/02/2016 06:15,60,1,100
17/02/2016 06:20,67,1,100
17/02/2016 06:25,70,1,100
17/02/2016 06:30,78,1,100
17/02/2016 06:35,85,1,100
17/02/2016 06:40,91,1,100
17/02/2016 06:45,95,1,100
17/02/2016 06:50,75,1,100
17/02/2016 06:55,63,1,100
17/02/2016 07:00,68,1,100
17/02/2016 07:05,63,1,100
17/02/2016 07:10,69,1,100
17/02/2016 07:15,52,1,100
17/02/2016 07:20,45,1,100
17/02/2016 07:25,50,1,100
17/02/2016 07:30,38,1,100
17/02/2016 07:35,32,1,100
17/02/2016 07:40,41,1,100
17/02/2016 07:45,38,1,100
17/02/2016 07:50,36,1,100
17/02/2016 07:55,35,1,100
17/02/2016 08:00,39,1,100
17/02/2016 08:05,36,1,100
17/02/2016 08:10,26,1,100
17/02/2016 08:15,39,1,100
17/02/2016 08:20,36,1,100
17/02/2016 08:25,38,1,100
17/02/2016 08:30,38,1,100
17/02/2016 08:35,36,1,100
17/02/2016 08:40,31,1,100
17/02/2016 08:45,35,1,100
17/02/2016 08:50,35,1,100
17/02/2016 08:55,35,1,100
17/02/2016 09:00,40,1,100
17/02/2016 09:05,41,1,100
17/02/2016 09:10,45,1,100
17/02/2016 09:15,55,1,100
17/02/2016 09:20,56,1,100
17/02/2016 09:25,56,1,100
17/02/2016 09:30,57,1,100
17/02/2016 09:35,55,1,100
17/02/2016 09:40,54,1,100
17/02/2016 09:45,62,1,100
17/02/2016 09:50,60,1,100
17/02/2016 09:55,47,1,100
17/02/2016 10:00,50,1,100
17/02/2016 10:05,51,1,100
17/02/2016 10:10,54,1,100
17/02/2016 10:15,63,1,100
17/02/2016 10:20,51,1,100
17/02/2016 10:25,54,1,100
17/02/2016 10:30,59,1,100
17/02/2016 10:35,48,1,100
17/02/2016 10:40,47,1,100
17/02/2016 10:45,62,1,100
17/02/2016 10:50,61,1,100
17/02/2016 10:55,56,1,100
17/02/2016 11:00,54,1,100
17/02/2016 11:05,54,1,100
17/02/2016 11:10,52,1,100
17/02/2016 11:15,48,1,100
17/02/2016 11:20,51,1,100
17/02/2016 11:25,49,1,100
17/02/2016 11:30,50,1,100
17/02/2016 11:35,62,1,100
17/02/2016 11:40,63,1,100
17/02/2016 11:45,55,1,100
17/02/2016 11:50,55,1,100
17/02/2016 11:55,49,1,100
17/02/2016 12:00,47,1,100
17/02/2016 12:05,43,1,100
17/02/2016 12:10,50,1,100
17/02/2016 12:15,51,1,100
17/02/2016 12:20,52,1,100
17/02/2016 12:25,58,1,100
17/02/2016 12:30,57,1,100
17/02/2016 12:35,55,1,100
17/02/2016 12:40,48,1,100
17/02/2016 12:45,45,1,100
17/02/2016 12:50,40,1,100
17/02/2016 12:55,43,1,100
17/02/2016 13:00,47,1,100
17/02/2016 13:05,49,1,100
17/02/2016 13:10,51,1,100
17/02/2016 13:15,49,1,100
17/02/2016 13:20,42,1,100
17/02/2016 13:25,44,1,100
17/02/2016 13:30,46,1,100
17/02/2016 13:35,51,1,100
17/02/2016 13:40,49,1,100
17/02/2016 13:45,46,1,100
17/02/2016 13:50,40,1,100
17/02/2016 13:55,53,1,100
17/02/2016 14:00,53,1,100
17/02/2016 14:05,43,1,100
17/02/2016 14:10,50,1,100
17/02/2016 14:15,52,1,100
17/02/2016 14:20,57,1,100
17/02/2016 14:25,59,1,100
17/02/2016 14:30,48,1,100
17/02/2016 14:35,48,1,100
17/02/2016 14:40,56,1,100
17/02/2016 14:45,48,1,100
17/02/2016 14:50,53,1,100
17/02/2016 14:55,59,1,100
17/02/2016 15:00,52,1,100
17/02/2016 15:05,49,1,100
17/02/2016 15:10,52,1,100
17/02/2016 15:15,49,1,100
17/02/2016 15:20,44,1,100
17/02/2016 15:25,50,1,100
17/02/2016 15:30,57,1,100
17/02/2016 15:35,58,1,100
17/02/2016 15:40,50,1,100
17/02/2016 15:45,58,1,100
17/02/2016 15:50,44,1,100
17/02/2016 15:55,51,1,100
17/02/2016 16:00,50,1,100
17/02/2016 16:05,45,1,100
17/02/2016 16:10,45,1,100
17/02/2016 16:15,59,1,100
17/02/2016 16:20,48,1,100
17/02/2016 16:25,46,1,100
17/02/2016 16:30,46,1,100
17/02/2016 16:35,44,1,100
17/02/2016 16:40,47,1,100
17/02/2016 16:45,42,1,100
17/02/2016 16:50,45,1,100
17/02/2016 16:55,43,1,100
17/02/2016 17:00,43,1,100
17/02/2016 17:05,45,1,100
17/02/2016 17:10,42,1,100
17/02/2016 17:15,50,1,100
17/02/2016 17:20,50,1,100
17/02/2016 17:25,39,1,100
17/02/2016 17:30,45,1,100
17/02/2016 17:35,41,1,100
17/02/2016 17:40,33,1,100
17/02/2016 17:45,49,1,100
17/02/2016 17:50,28,1,100
17/02/2016 17:55,35,1,100
17/02/2016 18:00,33,1,100
17/02/2016 18:05,34,1,100
17/02/2016 18:10,39,1,100
17/02/2016 18:15,35,1,100
17/02/2016 18:20,41,1,100
17/02/2016 18:25,32,1,100
17/02/2016 18:30,39,1,100
17/02/2016 18:35,39,1,100
17/02/2016 18:40,32,1,100
17/02/2016 18:45,32,1,100
17/02/2016 18:50,30,1,100
17/02/2016 18:55,36,1,100
17/02/2016 19:00,28,1,100
17/02/2016 19:05,37,1,100
17/02/2016 19:10,31,1,100
17/02/2016 19:15,35,1,100
17/02/2016 19:20,35,1,100
17/02/2016 19:25,40,1,100
17/02/2016 19:30,31,1,100
17/02/2016 19:35,31,1,100
17/02/2016 19:40,31,1,100
17/02/2016 19:45,25,1,100
17/02/2016 19:50,36,1,100
17/02/2016 19:55,27,1,100
17/02/2016 20:00,31,1,100
17/02/2016 20:05,27,1,100
17/02/2016 20:10,24,1,100
17/02/2016 20:15,25,1,100
17/02/2016 20:20,21,1,100
17/02/2016 20:25,25,1,100
17/02/2016 20:30,21,1,100
17/02/2016 20:35,23,1,100
17/02/2016 20:40,21,1,100
17/02/2016 20:45,23,1,100
17/02/2016 20:50,24,1,100
17/02/2016 20:55,26,1,100
17/02/2016 21:00,21,1,100
17/02/2016 21:05,20,1,100
17/02/2016 21:10,24,1,100
17/02/2016 21:15,19,1,100
17/02/2016 21:20,23,1,100
17/02/2016 21:25,19,1,100
17/02/2016 21:30,20,1,100
17/02/2016 21:35,16,1,100
17/02/2016 21:40,12,1,100
17/02/2016 21:45,21,1,100
17/02/2016 21:50,12,1,100
17/02/2016 21:55,21,1,100
17/02/2016 22:00,12,1,100
17/02/2016 22:05,17,1,100
17/02/2016 22:10,17,1,100
17/02/2016 22:15,14,1,100
17/02/2016 22:20,19,1,100
17/02/2016 22:25,11,1,100
17/02/2016 22:30,15,1,100
17/02/2016 22:35,11,1,100
17/02/2016 22:40,18,1,100
17/02/2016 22:45,12,1,100
17/02/2016 22:50,8,1,100
17/02/2016 22:55,9,1,100
17/02/2016 23:00,9,1,100
17/02/2016 23:05,6,1,100
17/02/2016 23:10,10,1,100
17/02/2016 23:15,7,1,100
17/02/2016 23:20,5,1,100
17/02/2016 23:25,9,1,100
17/02/2016 23:30,8,1,100
17/02/2016 23:35,8,1,100
17/02/2016 23:40,6,1,100
17/02/2016 23:45,8,1,100
17/02/2016 23:50,8,1,100
17/02/2016 23:55,6,1,100
18/02/2016 00:00,6,1,100
18/02/2016 00:05,6,1,100
18/02/2016 00:10,7,1,100
18/02/2016 00:15,6,1,100
18/02/2016 00:20,4,1,100
18/02/2016 00:25,5,1,100
18/02/2016 00:30,6,1,100
18/02/2016 00:35,4,1,100
18/02/2016 00:40,3,1,100
18/02/2016 00:45,5,1,100
18/02/2016 00:50,4,1,100
18/02/2016 00:55,3,1,100
18/02/2016 01:00,2,1,100
18/02/2016 01:05,3,1,100
18/02/2016 01:10,4,1,100
18/02/2016 01:15,4,1,100
18/02/2016 01:20,4,1,100
18/02/2016 01:25,2,1,100
18/02/2016 01:30,2,1,100
18/02/2016 01:35,3,1,100
18/02/2016 01:40,2,1,100
18/02/2016 01:45,3,1,100
18/02/2016 01:50,2,1,100
18/02/2016 01:55,3,1,100
18/02/2016 02:00,3,1,100
18/02/2016 02:05,1,1,100
18/02/2016 02:10,3,1,100
18/02/2016 02:15,2,1,100
18/02/2016 02:20,2,1,100
18/02/2016 02:25,2,1,100
18/02/2016 02:30,3,1,100
18/02/2016 02:35,1,1,100
18/02/2016 02:40,2,1,100
18/02/2016 02:45,1,1,100
18/02/2016 02:50,1,1,100
18/02/2016 02:55,2,1,100
18/02/2016 03:00,1,1,100
18/02/2016 03:05,2,1,100
18/02/2016 03:10,3,1,100
18/02/2016 03:15,2,1,100
18/02/2016 03:20,0,1,100
18/02/2016 03:25,2,1,100
18/02/2016 03:30,3,1,100
18/02/2016 03:35,3,1,100
18/02/2016 03:40,6,1,100
18/02/2016 03:45,4,1,100
18/02/2016 03:50,4,1,100
18/02/2016 03:55,3,1,100
18/02/2016 04:00,2,1,100
18/02/2016 04:05,3,1,100
18/02/2016 04:10,5,1,100
18/02/2016 04:15,9,1,100
18/02/2016 04:20,7,1,100
18/02/2016 04:25,11,1,100
18/02/2016 04:30,11,1,100
18/02/2016 04:35,14,1,100
18/02/2016 04:40,14,1,100
18/02/2016 04:45,13,1,100
18/02/2016 04:50,20,1,100
18/02/2016 04:55,22,1,100
18/02/2016 05:00,21,1,100
18/02/2016 05:05,21,1,100
18/02/2016 05:10,26,1,100
18/02/2016 05:15,39,1,100
18/02/2016 05:20,35,1,100
18/02/2016 05:25,39,1,100
18/02/2016 05:30,34,1,100
18/02/2016 05:35,48,1,100
18/02/2016 05:40,54,1,100
18/02/2016 05:45,56,1,100
18/02/2016 05:50,44,1,100
18/02/2016 05:55,51,1,100
18/02/2016 06:00,60,1,100
18/02/2016 06:05,56,1,100
18/02/2016 06:10,60,1,100
18/02/2016 06:15,59,1,100
18/02/2016 06:20,77,1,100
18/02/2016 06:25,74,1,100
18/02/2016 06:30,80,1,100
18/02/2016 06:35,76,1,100
18/02/2016 06:40,82,1,100
18/02/2016 06:45,89,1,100
18/02/2016 06:50,76,1,100
18/02/2016 06:55,67,1,100
18/02/2016 07:00,64,1,100
18/02/2016 07:05,57,1,100
18/02/2016 07:10,54,1,100
18/02/2016 07:15,53,1,100
18/02/2016 07:20,44,1,100
18/02/2016 07:25,48,1,100
18/02/2016 07:30,37,1,100
18/02/2016 07:35,39,1,100
18/02/2016 07:40,24,1,100
18/02/2016 07:45,29,1,100
18/02/2016 07:50,44,1,100
18/02/2016 07:55,40,1,100
18/02/2016 08:00,42,1,100
18/02/2016 08:05,43,1,100
18/02/2016 08:10,44,1,100
18/02/2016 08:15,37,1,100
18/02/2016 08:20,42,1,100
18/02/2016 08:25,38,1,100
18/02/2016 08:30,30,1,100
18/02/2016 08:35,20,1,100
18/02/2016 08:40,28,1,100
18/02/2016 08:45,42,1,100
18/02/2016 08:50,38,1,100
18/02/2016 08:55,34,1,100
18/02/2016 09:00,39,1,100
18/02/2016 09:05,32,1,100
18/02/2016 09:10,33,1,100
18/02/2016 09:15,43,1,100
18/02/2016 09:20,53,1,100
18/02/2016 09:25,47,1,100
18/02/2016 09:30,57,1,100
18/02/2016 09:35,48,1,100
18/02/2016 09:40,61,1,100
18/02/2016 09:45,52,1,100
18/02/2016 09:50,52,1,100
18/02/2016 09:55,52,1,100
18/02/2016 10:00,55,1,100
18/02/2016 10:05,50,1,100
18/02/2016 10:10,60,1,100
18/02/2016 10:15,46,1,100
18/02/2016 10:20,66,1,100
18/02/2016 10:25,56,1,100
18/02/2016 10:30,61,1,100
18/02/2016 10:35,48,1,100
18/02/2016 10:40,56,1,100
18/02/2016 10:45,53,1,100
18/02/2016 10:50,63,1,100
18/02/2016 10:55,45,1,100
18/02/2016 11:00,53,1,100
18/02/2016 11:05,59,1,100
18/02/2016 11:10,59,1,100
18/02/2016 11:15,58,1,100
18/02/2016 11:20,47,1,100
18/02/2016 11:25,52,1,100
18/02/2016 11:30,45,1,100
18/02/2016 11:35,51,1,100
18/02/2016 11:40,49,1,100
18/02/2016 11:45,53,1,100
18/02/2016 11:50,55,1,100
18/02/2016 11:55,46,1,100
18/02/2016 12:00,49,1,100
18/02/2016 12:05,47,1,100
18/02/2016 12:10,50,1,100
18/02/2016 12:15,48,1,100
18/02/2016 12:20,46,1,100
18/02/2016 12:25,53,1,100
18/02/2016 12:30,39,1,100
18/02/2016 12:35,54,1,100
18/02/2016 12:40,51,1,100
18/02/2016 12:45,55,1,100
18/02/2016 12:50,47,1,100
18/02/2016 12:55,53,1,100
18/02/2016 13:00,56,1,100
18/02/2016 13:05,49,1,100
18/02/2016 13:10,50,1,100
18/02/2016 13:15,54,1,100
18/02/2016 13:20,45,1,100
18/02/2016 13:25,46,1,100
18/02/2016 13:30,49,1,100
18/02/2016 13:35,48,1,100
18/02/2016 13:40,57,1,100
18/02/2016 13:45,48,1,100
18/02/2016 13:50,65,1,100
18/02/2016 13:55,54,1,100
18/02/2016 14:00,51,1,100
18/02/2016 14:05,45,1,100
18/02/2016 14:10,48,1,100
18/02/2016 14:15,57,1,100
18/02/2016 14:20,49,1,100
18/02/2016 14:25,49,1,100
18/02/2016 14:30,45,1,100
18/02/2016 14:35,49,1,100
18/02/2016 14:40,52,1,100
18/02/2016 14:45,44,1,100
18/02/2016 14:50,50,1,100
18/02/2016 14:55,56,1,100
18/02/2016 15:00,55,1,100
18/02/2016 15:05,52,1,100
18/02/2016 15:10,52,1,100
18/02/2016 15:15,48,1,100
18/02/2016 15:20,52,1,100
18/02/2016 15:25,48,1,100
18/02/2016 15:30,41,1,100
18/02/2016 15:35,54,1,100
18/02/2016 15:40,51,1,100
18/02/2016 15:45,60,1,100
18/02/2016 15:50,54,1,100
18/02/2016 15:55,48,1,100
18/02/2016 16:00,41,1,100
18/02/2016 16:05,53,1,100
18/02/2016 16:10,50,1,100
18/02/2016 16:15,51,1,100
18/02/2016 16:20,48,1,100
18/02/2016 16:25,43,1,100
18/02/2016 16:30,36,1,100
18/02/2016 16:35,48,1,100
18/02/2016 16:40,56,1,100
18/02/2016 16:45,47,1,100
18/02/2016 16:50,47,1,100
18/02/2016 16:55,39,1,100
18/02/2016 17:00,46,1,100
18/02/2016 17:05,40,1,100
18/02/2016 17:10,51,1,100
18/02/2016 17:15,49,1,100
18/02/2016 17:20,51,1,100
18/02/2016 17:25,46,1,100
18/02/2016 17:30,49,1,100
18/02/2016 17:35,44,1,100
18/02/2016 17:40,47,1,100
18/02/2016 17:45,45,1,100
18/02/2016 17:50,43,1,100
18/02/2016 17:55,39,1,100
18/02/2016 18:00,37,1,100
18/02/2016 18:05,32,1,100
18/02/2016 18:10,39,1,100
18/02/2016 18:15,41,1,100
18/02/2016 18:20,38,1,100
18/02/2016 18:25,41,1,100
18/02/2016 18:30,46,1,100
18/02/2016 18:35,39,1,100
18/02/2016 18:40,43,1,100
18/02/2016 18:45,40,1,100
18/02/2016 18:50,49,1,100
18/02/2016 18:55,38,1,100
18/02/2016 19:00,36,1,100
18/02/2016 19:05,40,1,100
18/02/2016 19:10,41,1,100
18/02/2016 19:15,46,1,100
18/02/2016 19:20,41,1,100
18/02/2016 19:25,40,1,100
18/02/2016 19:30,39,1,100
18/02/2016 19:35,30,1,100
18/02/2016 19:40,35,1,100
18/02/2016 19:45,29,1,100
18/02/2016 19:50,32,1,100
18/02/2016 19:55,29,1,100
18/02/2016 20:00,37,1,100
18/02/2016 20:05,30,1,100
18/02/2016 20:10,33,1,100
18/02/2016 20:15,39,1,100
18/02/2016 20:20,28,1,100
18/02/2016 20:25,31,1,100
18/02/2016 20:30,17,1,100
18/02/2016 20:35,23,1,100
18/02/2016 20:40,30,1,100
18/02/2016 20:45,28,1,100
18/02/2016 20:50,30,1,100
18/02/2016 20:55,18,1,100
18/02/2016 21:00,27,1,100
18/02/2016 21:05,24,1,100
18/02/2016 21:10,25,1,100
18/02/2016 21:15,26,1,100
18/02/2016 21:20,27,1,100
18/02/2016 21:25,17,1,100
18/02/2016 21:30,30,1,100
18/02/2016 21:35,25,1,100
18/02/2016 21:40,22,1,100
18/02/2016 21:45,20,1,100
18/02/2016 21:50,18,1,100
18/02/2016 21:55,16,1,100
18/02/2016 22:00,20,1,100
18/02/2016 22:05,21,1,100
18/02/2016 22:10,22,1,100
18/02/2016 22:15,21,1,100
18/02/2016 22:20,14,1,100
18/02/2016 22:25,15,1,100
18/02/2016 22:30,17,1,100
18/02/2016 22:35,13,1,100
18/02/2016 22:40,12,1,100
18/02/2016 22:45,9,1,100
18/02/2016 22:50,11,1,100
18/02/2016 22:55,8,1,100
18/02/2016 23:00,10,1,100
18/02/2016 23:05,6,1,100
18/02/2016 23:10,9,1,100
18/02/2016 23:15,9,1,100
18/02/2016 23:20,11,1,100
18/02/2016 23:25,7,1,100
18/02/2016 23:30,8,1,100
18/02/2016 23:35,8,1,100
18/02/2016 23:40,9,1,100
18/02/2016 23:45,11,1,100
18/02/2016 23:50,6,1,100
18/02/2016 23:55,7,1,100
19/02/2016 00:00,7,1,100
19/02/2016 00:05,5,1,100
19/02/2016 00:10,9,1,100
19/02/2016 00:15,7,1,100
19/02/2016 00:20,5,1,100
19/02/2016 00:25,8,1,100
19/02/2016 00:30,7,1,100
19/02/2016 00:35,2,1,100
19/02/2016 00:40,3,1,100
19/02/2016 00:45,6,1,100
19/02/2016 00:50,4,1,100
19/02/2016 00:55,3,1,100
19/02/2016 01:00,2,1,100
19/02/2016 01:05,3,1,100
19/02/2016 01:10,3,1,100
19/02/2016 01:15,2,1,100
19/02/2016 01:20,3,1,100
19/02/2016 01:25,1,1,100
19/02/2016 01:30,5,1,100
19/02/2016 01:35,4,1,100
19/02/2016 01:40,2,1,100
19/02/2016 01:45,4,1,100
19/02/2016 01:50,4,1,100
19/02/2016 01:55,3,1,100
19/02/2016 02:00,1,1,100
19/02/2016 02:05,2,1,100
19/02/2016 02:10,2,1,100
19/02/2016 02:15,3,1,100
19/02/2016 02:20,2,1,100
19/02/2016 02:25,3,1,100
19/02/2016 02:30,4,1,100
19/02/2016 02:35,3,1,100
19/02/2016 02:40,2,1,100
19/02/2016 02:45,2,1,100
19/02/2016 02:50,4,1,100
19/02/2016 02:55,2,1,100
19/02/2016 03:00,1,1,100
19/02/2016 03:05,4,1,100
19/02/2016 03:10,3,1,100
19/02/2016 03:15,3,1,100
19/02/2016 03:20,2,1,100
19/02/2016 03:25,2,1,100
19/02/2016 03:30,4,1,100
19/02/2016 03:35,6,1,100
19/02/2016 03:40,5,1,100
19/02/2016 03:45,7,1,100
19/02/2016 03:50,5,1,100
19/02/2016 03:55,4,1,100
19/02/2016 04:00,4,1,100
19/02/2016 04:05,5,1,100
19/02/2016 04:10,5,1,100
19/02/2016 04:15,7,1,100
19/02/2016 04:20,5,1,100
19/02/2016 04:25,7,1,100
19/02/2016 04:30,5,1,100
19/02/2016 04:35,16,1,100
19/02/2016 04:40,16,1,100
19/02/2016 04:45,17,1,100
19/02/2016 04:50,19,1,100
19/02/2016 04:55,21,1,100
19/02/2016 05:00,22,1,100
19/02/2016 05:05,20,1,100
19/02/2016 05:10,26,1,100
19/02/2016 05:15,28,1,100
19/02/2016 05:20,32,1,100
19/02/2016 05:25,36,1,100
19/02/2016 05:30,31,1,100
19/02/2016 05:35,44,1,100
19/02/2016 05:40,51,1,100
19/02/2016 05:45,47,1,100
19/02/2016 05:50,54,1,100
19/02/2016 05:55,41,1,100
19/02/2016 06:00,46,1,100
19/02/2016 06:05,48,1,100
19/02/2016 06:10,52,1,100
19/02/2016 06:15,61,1,100
19/02/2016 06:20,64,1,100
19/02/2016 06:25,69,1,100
19/02/2016 06:30,72,1,100
19/02/2016 06:35,75,1,100
19/02/2016 06:40,89,1,100
19/02/2016 06:45,75,1,100
19/02/2016 06:50,86,1,100
19/02/2016 06:55,75,1,100
19/02/2016 07:00,74,1,100
19/02/2016 07:05,68,1,100
19/02/2016 07:10,65,1,100
19/02/2016 07:15,64,1,100
19/02/2016 07:20,59,1,100
19/02/2016 07:25,50,1,100
19/02/2016 07:30,34,1,100
19/02/2016 07:35,39,1,100
19/02/2016 07:40,41,1,100
19/02/2016 07:45,39,1,100
19/02/2016 07:50,39,1,100
19/02/2016 07:55,40,1,100
19/02/2016 08:00,45,1,100
19/02/2016 08:05,49,1,100
19/02/2016 08:10,48,1,100
19/02/2016 08:15,47,1,100
19/02/2016 08:20,40,1,100
19/02/2016 08:25,46,1,100
19/02/2016 08:30,46,1,100
19/02/2016 08:35,43,1,100
19/02/2016 08:40,43,1,100
19/02/2016 08:45,45,1,100
19/02/2016 08:50,47,1,100
19/02/2016 08:55,39,1,100
19/02/2016 09:00,48,1,100
19/02/2016 09:05,38,1,100
19/02/2016 09:10,46,1,100
19/02/2016 09:15,52,1,100
19/02/2016 09:20,58,1,100
19/02/2016 09:25,58,1,100
19/02/2016 09:30,51,1,100
19/02/2016 09:35,59,1,100
19/02/2016 09:40,20,1,100
19/02/2016 09:45,57,1,0
19/02/2016 09:50,56,1,100
19/02/2016 09:55,47,1,100
19/02/2016 10:00,50,1,100
19/02/2016 10:05,61,1,100
19/02/2016 10:10,56,1,100
19/02/2016 10:15,53,1,100
19/02/2016 10:20,59,1,100
19/02/2016 10:25,54,1,100
19/02/2016 10:30,56,1,100
19/02/2016 10:35,51,1,100
19/02/2016 10:40,51,1,100
19/02/2016 10:45,58,1,100
19/02/2016 10:50,53,1,100
19/02/2016 10:55,57,1,100
19/02/2016 11:00,59,1,100
19/02/2016 11:05,58,1,100
19/02/2016 11:10,51,1,100
19/02/2016 11:15,52,1,100
19/02/2016 11:20,53,1,100
19/02/2016 11:25,57,1,100
19/02/2016 11:30,53,1,100
19/02/2016 11:35,50,1,100
19/02/2016 11:40,57,1,100
19/02/2016 11:45,51,1,100
19/02/2016 11:50,53,1,100
19/02/2016 11:55,53,1,100
19/02/2016 12:00,50,1,100
19/02/2016 12:05,49,1,100
19/02/2016 12:10,49,1,100
19/02/2016 12:15,57,1,100
19/02/2016 12:20,49,1,100
19/02/2016 12:25,54,1,100
19/02/2016 12:30,48,1,100
19/02/2016 12:35,51,1,100
19/02/2016 12:40,57,1,100
19/02/2016 12:45,59,1,100
19/02/2016 12:50,59,1,100
19/02/2016 12:55,45,1,100
19/02/2016 13:00,53,1,100
19/02/2016 13:05,54,1,100
19/02/2016 13:10,50,1,100
19/02/2016 13:15,48,1,100
19/02/2016 13:20,53,1,100
19/02/2016 13:25,44,1,100
19/02/2016 13:30,48,1,100
19/02/2016 13:35,57,1,100
19/02/2016 13:40,53,1,100
19/02/2016 13:45,55,1,100
19/02/2016 13:50,45,1,100
19/02/2016 13:55,54,1,100
19/02/2016 14:00,50,1,100
19/02/2016 14:05,51,1,100
19/02/2016 14:10,49,1,100
19/02/2016 14:15,52,1,100
19/02/2016 14:20,55,1,100
19/02/2016 14:25,43,1,100
19/02/2016 14:30,59,1,100
19/02/2016 14:35,52,1,100
19/02/2016 14:40,50,1,100
19/02/2016 14:45,63,1,100
19/02/2016 14:50,51,1,100
19/02/2016 14:55,46,1,100
19/02/2016 15:00,49,1,100
19/02/2016 15:05,49,1,100
19/02/2016 15:10,48,1,100
19/02/2016 15:15,53,1,100
19/02/2016 15:20,48,1,100
19/02/2016 15:25,51,1,100
19/02/2016 15:30,51,1,100
19/02/2016 15:35,51,1,100
19/02/2016 15:40,55,1,100
19/02/2016 15:45,47,1,100
19/02/2016 15:50,53,1,100
19/02/2016 15:55,50,1,100
19/02/2016 16:00,48,1,100
19/02/2016 16:05,44,1,100
19/02/2016 16:10,42,1,100
19/02/2016 16:15,50,1,100
19/02/2016 16:20,51,1,100
19/02/2016 16:25,50,1,100
19/02/2016 16:30,47,1,100
19/02/2016 16:35,45,1,100
19/02/2016 16:40,46,1,100
19/02/2016 16:45,44,1,100
19/02/2016 16:50,41,1,100
19/02/2016 16:55,49,1,100
19/02/2016 17:00,41,1,100
19/02/2016 17:05,46,1,100
19/02/2016 17:10,46,1,100
19/02/2016 17:15,56,1,100
19/02/2016 17:20,47,1,100
19/02/2016 17:25,46,1,100
19/02/2016 17:30,49,1,100
19/02/2016 17:35,38,1,100
19/02/2016 17:40,39,1,100
19/02/2016 17:45,47,1,100
19/02/2016 17:50,35,1,100
19/02/2016 17:55,36,1,100
19/02/2016 18:00,37,1,100
19/02/2016 18:05,38,1,100
19/02/2016 18:10,50,1,100
19/02/2016 18:15,44,1,100
19/02/2016 18:20,42,1,100
19/02/2016 18:25,46,1,100
19/02/2016 18:30,45,1,100
19/02/2016 18:35,50,1,100
19/02/2016 18:40,49,1,100
19/02/2016 18:45,45,1,100
19/02/2016 18:50,43,1,100
19/02/2016 18:55,40,1,100
19/02/2016 19:00,38,1,100
19/02/2016 19:05,36,1,100
19/02/2016 19:10,47,1,100
19/02/2016 19:15,50,1,100
19/02/2016 19:20,53,1,100
19/02/2016 19:25,43,1,100
19/02/2016 19:30,45,1,100
19/02/2016 19:35,37,1,100
19/02/2016 19:40,47,1,100
19/02/2016 19:45,48,1,100
19/02/2016 19:50,42,1,100
19/02/2016 19:55,36,1,100
19/02/2016 20:00,43,1,100
19/02/2016 20:05,31,1,100
19/02/2016 20:10,31,1,100
19/02/2016 20:15,27,1,100
19/02/2016 20:20,29,1,100
19/02/2016 20:25,29,1,100
19/02/2016 20:30,25,1,100
19/02/2016 20:35,39,1,100
19/02/2016 20:40,36,1,100
19/02/2016 20:45,29,1,100
19/02/2016 20:50,40,1,100
19/02/2016 20:55,28,1,100
19/02/2016 21:00,33,1,100
19/02/2016 21:05,30,1,100
19/02/2016 21:10,35,1,100
19/02/2016 21:15,29,1,100
19/02/2016 21:20,23,1,100
19/02/2016 21:25,29,1,100
19/02/2016 21:30,25,1,100
19/02/2016 21:35,31,1,100
19/02/2016 21:40,27,1,100
19/02/2016 21:45,29,1,100
19/02/2016 21:50,22,1,100
19/02/2016 21:55,24,1,100
19/02/2016 22:00,22,1,100
19/02/2016 22:05,22,1,100
19/02/2016 22:10,29,1,100
19/02/2016 22:15,16,1,100
19/02/2016 22:20,24,1,100
19/02/2016 22:25,17,1,100
19/02/2016 22:30,20,1,100
19/02/2016 22:35,22,1,100
19/02/2016 22:40,13,1,100
19/02/2016 22:45,22,1,100
19/02/2016 22:50,20,1,100
19/02/2016 22:55,14,1,100
19/02/2016 23:00,14,1,100
19/02/2016 23:05,16,1,100
19/02/2016 23:10,14,1,100
19/02/2016 23:15,12,1,100
19/02/2016 23:20,15,1,100
19/02/2016 23:25,11,1,100
19/02/2016 23:30,10,1,100
19/02/2016 23:35,13,1,100
19/02/2016 23:40,10,1,100
19/02/2016 23:45,12,1,100
19/02/2016 23:50,11,1,100
19/02/2016 23:55,14,1,100
22/02/2016 00:00,8,1,100
22/02/2016 00:05,7,1,100
22/02/2016 00:10,9,1,100
22/02/2016 00:15,7,1,100
22/02/2016 00:20,7,1,100
22/02/2016 00:25,6,1,100
22/02/2016 00:30,8,1,100
22/02/2016 00:35,7,1,100
22/02/2016 00:40,5,1,100
22/02/2016 00:45,4,1,100
22/02/2016 00:50,6,1,100
22/02/2016 00:55,5,1,100
22/02/2016 01:00,8,1,100
22/02/2016 01:05,5,1,100
22/02/2016 01:10,2,1,100
22/02/2016 01:15,4,1,100
22/02/2016 01:20,6,1,100
22/02/2016 01:25,3,1,100
22/02/2016 01:30,3,1,100
22/02/2016 01:35,5,1,100
22/02/2016 01:40,2,1,100
22/02/2016 01:45,5,1,100
22/02/2016 01:50,3,1,100
22/02/2016 01:55,3,1,100
22/02/2016 02:00,4,1,100
22/02/2016 02:05,3,1,100
22/02/2016 02:10,3,1,100
22/02/2016 02:15,3,1,100
22/02/2016 02:20,3,1,100
22/02/2016 02:25,3,1,100
22/02/2016 02:30,2,1,100
22/02/2016 02:35,4,1,100
22/02/2016 02:40,3,1,100
22/02/2016 02:45,2,1,100
22/02/2016 02:50,3,1,100
22/02/2016 02:55,2,1,100
22/02/2016 03:00,3,1,100
22/02/2016 03:05,3,1,100
22/02/2016 03:10,4,1,100
22/02/2016 03:15,3,1,100
22/02/2016 03:20,5,1,100
22/02/2016 03:25,1,1,100
22/02/2016 03:30,5,1,100
22/02/2016 03:35,8,1,100
22/02/2016 03:40,8,1,100
22/02/2016 03:45,7,1,100
22/02/2016 03:50,6,1,100
22/02/2016 03:55,5,1,100
22/02/2016 04:00,5,1,100
22/02/2016 04:05,7,1,100
22/02/2016 04:10,7,1,100
22/02/2016 04:15,11,1,100
22/02/2016 04:20,15,1,100
22/02/2016 04:25,13,1,100
22/02/2016 04:30,14,1,100
22/02/2016 04:35,15,1,100
22/02/2016 04:40,25,1,100
22/02/2016 04:45,24,1,100
22/02/2016 04:50,25,1,100
22/02/2016 04:55,29,1,100
22/02/2016 05:00,28,1,100
22/02/2016 05:05,24,1,100
22/02/2016 05:10,46,1,100
22/02/2016 05:15,36,1,100
22/02/2016 05:20,44,1,100
22/02/2016 05:25,43,1,100
22/02/2016 05:30,47,1,100
22/02/2016 05:35,44,1,100
22/02/2016 05:40,55,1,100
22/02/2016 05:45,62,1,100
22/02/2016 05:50,56,1,100
22/02/2016 05:55,54,1,100
22/02/2016 06:00,55,1,100
22/02/2016 06:05,63,1,100
22/02/2016 06:10,59,1,100
22/02/2016 06:15,74,1,100
22/02/2016 06:20,77,1,100
22/02/2016 06:25,80,1,100
22/02/2016 06:30,73,1,100
22/02/2016 06:35,84,1,100
22/02/2016 06:40,97,1,100
22/02/2016 06:45,82,1,100
22/02/2016 06:50,69,1,100
22/02/2016 06:55,70,1,100
22/02/2016 07:00,72,1,100
22/02/2016 07:05,65,1,100
22/02/2016 07:10,58,1,100
22/02/2016 07:15,42,1,100
22/02/2016 07:20,49,1,100
22/02/2016 07:25,47,1,100
22/02/2016 07:30,44,1,100
22/02/2016 07:35,42,1,100
22/02/2016 07:40,40,1,100
22/02/2016 07:45,36,1,100
22/02/2016 07:50,32,1,100
22/02/2016 07:55,31,1,100
22/02/2016 08:00,36,1,100
22/02/2016 08:05,33,1,100
22/02/2016 08:10,35,1,100
22/02/2016 08:15,39,1,100
22/02/2016 08:20,30,1,100
22/02/2016 08:25,35,1,100
22/02/2016 08:30,35,1,100
22/02/2016 08:35,28,1,100
22/02/2016 08:40,35,1,100
22/02/2016 08:45,33,1,100
22/02/2016 08:50,30,1,100
22/02/2016 08:55,36,1,100
22/02/2016 09:00,38,1,100
22/02/2016 09:05,36,1,100
22/02/2016 09:10,40,1,100
22/02/2016 09:15,46,1,100
22/02/2016 09:20,57,1,100
22/02/2016 09:25,60,1,100
22/02/2016 09:30,60,1,100
22/02/2016 09:35,56,1,100
22/02/2016 09:40,50,1,100
22/02/2016 09:45,59,1,100
22/02/2016 09:50,54,1,100
22/02/2016 09:55,60,1,100
22/02/2016 10:00,51,1,100
22/02/2016 10:05,49,1,100
22/02/2016 10:10,52,1,100
22/02/2016 10:15,58,1,100
22/02/2016 10:20,50,1,100
22/02/2016 10:25,52,1,100
22/02/2016 10:30,61,1,100
22/02/2016 10:35,47,1,100
22/02/2016 10:40,63,1,100
22/02/2016 10:45,52,1,100
22/02/2016 10:50,57,1,100
22/02/2016 10:55,57,1,100
22/02/2016 11:00,53,1,100
22/02/2016 11:05,59,1,100
22/02/2016 11:10,49,1,100
22/02/2016 11:15,52,1,100
22/02/2016 11:20,54,1,100
22/02/2016 11:25,54,1,100
22/02/2016 11:30,48,1,100
22/02/2016 11:35,52,1,100
22/02/2016 11:40,57,1,100
22/02/2016 11:45,62,1,100
22/02/2016 11:50,51,1,100
22/02/2016 11:55,41,1,100
22/02/2016 12:00,49,1,100
22/02/2016 12:05,52,1,100
22/02/2016 12:10,41,1,100
22/02/2016 12:15,38,1,100
22/02/2016 12:20,41,1,100
22/02/2016 12:25,48,1,100
22/02/2016 12:30,53,1,100
22/02/2016 12:35,42,1,100
22/02/2016 12:40,45,1,100
22/02/2016 12:45,43,1,100
22/02/2016 12:50,41,1,100
22/02/2016 12:55,47,1,100
22/02/2016 13:00,43,1,100
22/02/2016 13:05,49,1,100
22/02/2016 13:10,47,1,100
22/02/2016 13:15,47,1,100
22/02/2016 13:20,51,1,100
22/02/2016 13:25,49,1,100
22/02/2016 13:30,54,1,100
22/02/2016 13:35,49,1,100
22/02/2016 13:40,45,1,100
22/02/2016 13:45,49,1,100
22/02/2016 13:50,47,1,100
22/02/2016 13:55,49,1,100
22/02/2016 14:00,42,1,100
22/02/2016 14:05,58,1,100
22/02/2016 14:10,47,1,100
22/02/2016 14:15,51,1,100
22/02/2016 14:20,56,1,100
22/02/2016 14:25,51,1,100
22/02/2016 14:30,48,1,100
22/02/2016 14:35,54,1,100
22/02/2016 14:40,52,1,100
22/02/2016 14:45,54,1,100
22/02/2016 14:50,57,1,100
22/02/2016 14:55,51,1,100
22/02/2016 15:00,49,1,100
22/02/2016 15:05,50,1,100
22/02/2016 15:10,45,1,100
22/02/2016 15:15,44,1,100
22/02/2016 15:20,51,1,100
22/02/2016 15:25,49,1,100
22/02/2016 15:30,52,1,100
22/02/2016 15:35,58,1,100
22/02/2016 15:40,57,1,100
22/02/2016 15:45,53,1,100
22/02/2016 15:50,54,1,100
22/02/2016 15:55,66,1,100
22/02/2016 16:00,47,1,100
22/02/2016 16:05,48,1,100
22/02/2016 16:10,48,1,100
22/02/2016 16:15,52,1,100
22/02/2016 16:20,46,1,100
22/02/2016 16:25,45,1,100
22/02/2016 16:30,48,1,100
22/02/2016 16:35,45,1,100
22/02/2016 16:40,41,1,100
22/02/2016 16:45,59,1,100
22/02/2016 16:50,44,1,100
22/02/2016 16:55,46,1,100
22/02/2016 17:00,49,1,100
22/02/2016 17:05,51,1,100
22/02/2016 17:10,48,1,100
22/02/2016 17:15,53,1,100
22/02/2016 17:20,50,1,100
22/02/2016 17:25,50,1,100
22/02/2016 17:30,43,1,100
22/02/2016 17:35,40,1,100
22/02/2016 17:40,37,1,100
22/02/2016 17:45,34,1,100
22/02/2016 17:50,50,1,100
22/02/2016 17:55,38,1,100
22/02/2016 18:00,36,1,100
22/02/2016 18:05,35,1,100
22/02/2016 18:10,36,1,100
22/02/2016 18:15,44,1,100
22/02/2016 18:20,39,1,100
22/02/2016 18:25,33,1,100
22/02/2016 18:30,40,1,100
22/02/2016 18:35,41,1,100
22/02/2016 18:40,37,1,100
22/02/2016 18:45,34,1,100
22/02/2016 18:50,38,1,100
22/02/2016 18:55,37,1,100
22/02/2016 19:00,44,1,100
22/02/2016 19:05,31,1,100
22/02/2016 19:10,39,1,100
22/02/2016 19:15,35,1,100
22/02/2016 19:20,36,1,100
22/02/2016 19:25,30,1,100
22/02/2016 19:30,33,1,100
22/02/2016 19:35,39,1,100
22/02/2016 19:40,28,1,100
22/02/2016 19:45,30,1,100
22/02/2016 19:50,27,1,100
22/02/2016 19:55,34,1,100
22/02/2016 20:00,21,1,100
22/02/2016 20:05,29,1,100
22/02/2016 20:10,29,1,100
22/02/2016 20:15,20,1,100
22/02/2016 20:20,27,1,100
22/02/2016 20:25,23,1,100
22/02/2016 20:30,22,1,100
22/02/2016 20:35,25,1,100
22/02/2016 20:40,19,1,100
22/02/2016 20:45,23,1,100
22/02/2016 20:50,20,1,100
22/02/2016 20:55,19,1,100
22/02/2016 21:00,25,1,100
22/02/2016 21:05,22,1,100
22/02/2016 21:10,23,1,100
22/02/2016 21:15,21,1,100
22/02/2016 21:20,21,1,100
22/02/2016 21:25,17,1,100
22/02/2016 21:30,19,1,100
22/02/2016 21:35,26,1,100
22/02/2016 21:40,13,1,100
22/02/2016 21:45,20,1,100
22/02/2016 21:50,16,1,100
22/02/2016 21:55,17,1,100
22/02/2016 22:00,16,1,100
22/02/2016 22:05,15,1,100
22/02/2016 22:10,13,1,100
22/02/2016 22:15,13,1,100
22/02/2016 22:20,13,1,100
22/02/2016 22:25,11,1,100
22/02/2016 22:30,12,1,100
22/02/2016 22:35,10,1,100
22/02/2016 22:40,10,1,100
22/02/2016 22:45,10,1,100
22/02/2016 22:50,8,1,100
22/02/2016 22:55,10,1,100
22/02/2016 23:00,9,1,100
22/02/2016 23:05,7,1,100
22/02/2016 23:10,7,1,100
22/02/2016 23:15,8,1,100
22/02/2016 23:20,8,1,100
22/02/2016 23:25,5,1,100
22/02/2016 23:30,8,1,100
22/02/2016 23:35,8,1,100
22/02/2016 23:40,8,1,100
22/02/2016 23:45,7,1,100
22/02/2016 23:50,5,1,100
22/02/2016 23:55,6,1,100
24/02/2016 00:00,8,1,100
24/02/2016 00:05,5,1,100
24/02/2016 00:10,6,1,100
24/02/2016 00:15,4,1,100
24/02/2016 00:20,5,1,100
24/02/2016 00:25,5,1,100
24/02/2016 00:30,3,1,100
24/02/2016 00:35,2,1,100
24/02/2016 00:40,4,1,100
24/02/2016 00:45,4,1,100
24/02/2016 00:50,4,1,100
24/02/2016 00:55,4,1,100
24/02/2016 01:00,4,1,100
24/02/2016 01:05,5,1,100
24/02/2016 01:10,2,1,100
24/02/2016 01:15,3,1,100
24/02/2016 01:20,2,1,100
24/02/2016 01:25,3,1,100
24/02/2016 01:30,2,1,100
24/02/2016 01:35,3,1,100
24/02/2016 01:40,2,1,100
24/02/2016 01:45,2,1,100
24/02/2016 01:50,4,1,100
24/02/2016 01:55,3,1,100
24/02/2016 02:00,2,1,100
24/02/2016 02:05,0,1,100
24/02/2016 02:10,1,1,100
24/02/2016 02:15,2,1,100
24/02/2016 02:20,2,1,100
24/02/2016 02:25,3,1,100
24/02/2016 02:30,2,1,100
24/02/2016 02:35,3,1,100
24/02/2016 02:40,0,1,100
24/02/2016 02:45,3,1,100
24/02/2016 02:50,1,1,100
24/02/2016 02:55,1,1,100
24/02/2016 03:00,1,1,100
24/02/2016 03:05,3,1,100
24/02/2016 03:10,1,1,100
24/02/2016 03:15,1,1,100
24/02/2016 03:20,3,1,100
24/02/2016 03:25,3,1,100
24/02/2016 03:30,5,1,100
24/02/2016 03:35,3,1,100
24/02/2016 03:40,5,1,100
24/02/2016 03:45,3,1,100
24/02/2016 03:50,7,1,100
24/02/2016 03:55,3,1,100
24/02/2016 04:00,4,1,100
24/02/2016 04:05,6,1,100
24/02/2016 04:10,6,1,100
24/02/2016 04:15,5,1,100
24/02/2016 04:20,6,1,100
24/02/2016 04:25,10,1,100
24/02/2016 04:30,12,1,100
24/02/2016 04:35,13,1,100
24/02/2016 04:40,16,1,100
24/02/2016 04:45,19,1,100
24/02/2016 04:50,23,1,100
24/02/2016 04:55,22,1,100
24/02/2016 05:00,26,1,100
24/02/2016 05:05,30,1,100
24/02/2016 05:10,30,1,100
24/02/2016 05:15,34,1,100
24/02/2016 05:20,35,1,100
24/02/2016 05:25,36,1,100
24/02/2016 05:30,44,1,100
24/02/2016 05:35,47,1,100
24/02/2016 05:40,51,1,100
24/02/2016 05:45,53,1,100
24/02/2016 05:50,58,1,100
24/02/2016 05:55,47,1,100
24/02/2016 06:00,59,1,100
24/02/2016 06:05,56,1,100
24/02/2016 06:10,54,1,100
24/02/2016 06:15,70,1,100
24/02/2016 06:20,82,1,100
24/02/2016 06:25,80,1,100
24/02/2016 06:30,70,1,100
24/02/2016 06:35,93,1,100
24/02/2016 06:40,90,1,100
24/02/2016 06:45,87,1,100
24/02/2016 06:50,74,1,100
24/02/2016 06:55,71,1,100
24/02/2016 07:00,61,1,100
24/02/2016 07:05,64,1,100
24/02/2016 07:10,45,1,100
24/02/2016 07:15,48,1,100
24/02/2016 07:20,45,1,100
24/02/2016 07:25,40,1,100
24/02/2016 07:30,45,1,100
24/02/2016 07:35,45,1,100
24/02/2016 07:40,39,1,100
24/02/2016 07:45,37,1,100
24/02/2016 07:50,40,1,100
24/02/2016 07:55,38,1,100
24/02/2016 08:00,35,1,100
24/02/2016 08:05,28,1,100
24/02/2016 08:10,32,1,100
24/02/2016 08:15,25,1,100
24/02/2016 08:20,36,1,100
24/02/2016 08:25,34,1,100
24/02/2016 08:30,38,1,100
24/02/2016 08:35,36,1,100
24/02/2016 08:40,32,1,100
24/02/2016 08:45,37,1,100
24/02/2016 08:50,38,1,100
24/02/2016 08:55,41,1,100
24/02/2016 09:00,36,1,100
24/02/2016 09:05,40,1,100
24/02/2016 09:10,37,1,100
24/02/2016 09:15,49,1,100
24/02/2016 09:20,46,1,100
24/02/2016 09:25,60,1,100
24/02/2016 09:30,61,1,100
24/02/2016 09:35,55,1,100
24/02/2016 09:40,60,1,100
24/02/2016 09:45,54,1,100
24/02/2016 09:50,51,1,100
24/02/2016 09:55,55,1,100
24/02/2016 10:00,51,1,100
24/02/2016 10:05,61,1,100
24/02/2016 10:10,54,1,100
24/02/2016 10:15,58,1,100
24/02/2016 10:20,58,1,100
24/02/2016 10:25,57,1,100
24/02/2016 10:30,55,1,100
24/02/2016 10:35,60,1,100
24/02/2016 10:40,57,1,100
24/02/2016 10:45,61,1,100
24/02/2016 10:50,60,1,100
24/02/2016 10:55,54,1,100
24/02/2016 11:00,66,1,100
24/02/2016 11:05,51,1,100
24/02/2016 11:10,41,1,100
24/02/2016 11:15,52,1,100
24/02/2016 11:20,58,1,100
24/02/2016 11:25,52,1,100
24/02/2016 11:30,61,1,100
24/02/2016 11:35,64,1,100
24/02/2016 11:40,50,1,100
24/02/2016 11:45,50,1,100
24/02/2016 11:50,47,1,100
24/02/2016 11:55,43,1,100
24/02/2016 12:00,54,1,100
24/02/2016 12:05,52,1,100
24/02/2016 12:10,56,1,100
24/02/2016 12:15,51,1,100
24/02/2016 12:20,49,1,100
24/02/2016 12:25,55,1,100
24/02/2016 12:30,50,1,100
24/02/2016 12:35,47,1,100
24/02/2016 12:40,47,1,100
24/02/2016 12:45,56,1,100
24/02/2016 12:50,46,1,100
24/02/2016 12:55,43,1,100
24/02/2016 13:00,36,1,100
24/02/2016 13:05,45,1,100
24/02/2016 13:10,46,1,100
24/02/2016 13:15,48,1,100
24/02/2016 13:20,52,1,100
24/02/2016 13:25,53,1,100
24/02/2016 13:30,45,1,100
24/02/2016 13:35,48,1,100
24/02/2016 13:40,51,1,100
24/02/2016 13:45,49,1,100
24/02/2016 13:50,52,1,100
24/02/2016 13:55,52,1,100
24/02/2016 14:00,57,1,100
24/02/2016 14:05,46,1,100
24/02/2016 14:10,45,1,100
24/02/2016 14:15,54,1,100
24/02/2016 14:20,61,1,100
24/02/2016 14:25,54,1,100
24/02/2016 14:30,51,1,100
24/02/2016 14:35,54,1,100
24/02/2016 14:40,58,1,100
24/02/2016 14:45,61,1,100
24/02/2016 14:50,60,1,100
24/02/2016 14:55,49,1,100
24/02/2016 15:00,51,1,100
24/02/2016 15:05,49,1,100
24/02/2016 15:10,48,1,100
24/02/2016 15:15,55,1,100
24/02/2016 15:20,46,1,100
24/02/2016 15:25,49,1,100
24/02/2016 15:30,52,1,100
24/02/2016 15:35,57,1,100
24/02/2016 15:40,49,1,100
24/02/2016 15:45,60,1,100
24/02/2016 15:50,54,1,100
24/02/2016 15:55,53,1,100
24/02/2016 16:00,49,1,100
24/02/2016 16:05,49,1,100
24/02/2016 16:10,47,1,100
24/02/2016 16:15,48,1,100
24/02/2016 16:20,48,1,100
24/02/2016 16:25,50,1,100
24/02/2016 16:30,49,1,100
24/02/2016 16:35,45,1,100
24/02/2016 16:40,46,1,100
24/02/2016 16:45,47,1,100
24/02/2016 16:50,43,1,100
24/02/2016 16:55,58,1,100
24/02/2016 17:00,53,1,100
24/02/2016 17:05,45,1,100
24/02/2016 17:10,42,1,100
24/02/2016 17:15,52,1,100
24/02/2016 17:20,43,1,100
24/02/2016 17:25,48,1,100
24/02/2016 17:30,51,1,100
24/02/2016 17:35,43,1,100
24/02/2016 17:40,38,1,100
24/02/2016 17:45,47,1,100
24/02/2016 17:50,35,1,100
24/02/2016 17:55,43,1,100
24/02/2016 18:00,35,1,100
24/02/2016 18:05,35,1,100
24/02/2016 18:10,41,1,100
24/02/2016 18:15,45,1,100
24/02/2016 18:20,45,1,100
24/02/2016 18:25,47,1,100
24/02/2016 18:30,38,1,100
24/02/2016 18:35,36,1,100
24/02/2016 18:40,37,1,100
24/02/2016 18:45,40,1,100
24/02/2016 18:50,37,1,100
24/02/2016 18:55,31,1,100
24/02/2016 19:00,30,1,100
24/02/2016 19:05,40,1,100
24/02/2016 19:10,36,1,100
24/02/2016 19:15,39,1,100
24/02/2016 19:20,42,1,100
24/02/2016 19:25,32,1,100
24/02/2016 19:30,30,1,100
24/02/2016 19:35,37,1,100
24/02/2016 19:40,40,1,100
24/02/2016 19:45,31,1,100
24/02/2016 19:50,34,1,100
24/02/2016 19:55,32,1,100
24/02/2016 20:00,33,1,100
24/02/2016 20:05,28,1,100
24/02/2016 20:10,36,1,100
24/02/2016 20:15,35,1,100
24/02/2016 20:20,31,1,100
24/02/2016 20:25,25,1,100
24/02/2016 20:30,31,1,100
24/02/2016 20:35,31,1,100
24/02/2016 20:40,27,1,100
24/02/2016 20:45,25,1,100
24/02/2016 20:50,24,1,100
24/02/2016 20:55,22,1,100
24/02/2016 21:00,20,1,100
24/02/2016 21:05,16,1,100
24/02/2016 21:10,26,1,100
24/02/2016 21:15,22,1,100
24/02/2016 21:20,25,1,100
24/02/2016 21:25,26,1,100
24/02/2016 21:30,21,1,100
24/02/2016 21:35,21,1,100
24/02/2016 21:40,20,1,100
24/02/2016 21:45,23,1,100
24/02/2016 21:50,15,1,100
24/02/2016 21:55,16,1,100
24/02/2016 22:00,15,1,100
24/02/2016 22:05,19,1,100
24/02/2016 22:10,22,1,100
24/02/2016 22:15,21,1,100
24/02/2016 22:20,14,1,100
24/02/2016 22:25,15,1,100
24/02/2016 22:30,14,1,100
24/02/2016 22:35,14,1,100
24/02/2016 22:40,13,1,100
24/02/2016 22:45,9,1,100
24/02/2016 22:50,10,1,100
24/02/2016 22:55,15,1,100
24/02/2016 23:00,10,1,100
24/02/2016 23:05,12,1,100
24/02/2016 23:10,10,1,100
24/02/2016 23:15,7,1,100
24/02/2016 23:20,10,1,100
24/02/2016 23:25,7,1,100
24/02/2016 23:30,7,1,100
24/02/2016 23:35,7,1,100
24/02/2016 23:40,5,1,100
24/02/2016 23:45,7,1,100
24/02/2016 23:50,8,1,100
24/02/2016 23:55,8,1,100
25/02/2016 00:00,6,1,100
25/02/2016 00:05,7,1,100
25/02/2016 00:10,7,1,100
25/02/2016 00:15,4,1,100
25/02/2016 00:20,5,1,100
25/02/2016 00:25,6,1,100
25/02/2016 00:30,6,1,100
25/02/2016 00:35,4,1,100
25/02/2016 00:40,5,1,100
25/02/2016 00:45,3,1,100
25/02/2016 00:50,4,1,100
25/02/2016 00:55,3,1,100
25/02/2016 01:00,3,1,100
25/02/2016 01:05,6,1,100
25/02/2016 01:10,4,1,100
25/02/2016 01:15,4,1,100
25/02/2016 01:20,6,1,100
25/02/2016 01:25,3,1,100
25/02/2016 01:30,3,1,100
25/02/2016 01:35,3,1,100
25/02/2016 01:40,3,1,100
25/02/2016 01:45,2,1,100
25/02/2016 01:50,4,1,100
25/02/2016 01:55,2,1,100
25/02/2016 02:00,4,1,100
25/02/2016 02:05,2,1,100
25/02/2016 02:10,3,1,100
25/02/2016 02:15,2,1,100
25/02/2016 02:20,3,1,100
25/02/2016 02:25,2,1,100
25/02/2016 02:30,2,1,100
25/02/2016 02:35,3,1,100
25/02/2016 02:40,3,1,100
25/02/2016 02:45,2,1,100
25/02/2016 02:50,3,1,100
25/02/2016 02:55,2,1,100
25/02/2016 03:00,1,1,100
25/02/2016 03:05,1,1,100
25/02/2016 03:10,2,1,100
25/02/2016 03:15,3,1,100
25/02/2016 03:20,2,1,100
25/02/2016 03:25,2,1,100
25/02/2016 03:30,2,1,100
25/02/2016 03:35,6,1,100
25/02/2016 03:40,6,1,100
25/02/2016 03:45,3,1,100
25/02/2016 03:50,2,1,100
25/02/2016 03:55,4,1,100
25/02/2016 04:00,3,1,100
25/02/2016 04:05,5,1,100
25/02/2016 04:10,7,1,100
25/02/2016 04:15,10,1,100
25/02/2016 04:20,9,1,100
25/02/2016 04:25,11,1,100
25/02/2016 04:30,12,1,100
25/02/2016 04:35,14,1,100
25/02/2016 04:40,21,1,100
25/02/2016 04:45,18,1,100
25/02/2016 04:50,23,1,100
25/02/2016 04:55,17,1,100
25/02/2016 05:00,26,1,100
25/02/2016 05:05,31,1,100
25/02/2016 05:10,30,1,100
25/02/2016 05:15,34,1,100
25/02/2016 05:20,39,1,100
25/02/2016 05:25,38,1,100
25/02/2016 05:30,40,1,100
25/02/2016 05:35,48,1,100
25/02/2016 05:40,54,1,100
25/02/2016 05:45,56,1,100
25/02/2016 05:50,56,1,100
25/02/2016 05:55,49,1,100
25/02/2016 06:00,56,1,100
25/02/2016 06:05,50,1,100
25/02/2016 06:10,77,1,100
25/02/2016 06:15,68,1,100
25/02/2016 06:20,70,1,100
25/02/2016 06:25,74,1,100
25/02/2016 06:30,74,1,100
25/02/2016 06:35,84,1,100
25/02/2016 06:40,84,1,100
25/02/2016 06:45,81,1,100
25/02/2016 06:50,70,1,100
25/02/2016 06:55,70,1,100
25/02/2016 07:00,69,1,100
25/02/2016 07:05,68,1,100
25/02/2016 07:10,49,1,100
25/02/2016 07:15,57,1,100
25/02/2016 07:20,45,1,100
25/02/2016 07:25,42,1,100
25/02/2016 07:30,42,1,100
25/02/2016 07:35,42,1,100
25/02/2016 07:40,42,1,100
25/02/2016 07:45,39,1,100
25/02/2016 07:50,38,1,100
25/02/2016 07:55,33,1,100
25/02/2016 08:00,36,1,100
25/02/2016 08:05,34,1,100
25/02/2016 08:10,30,1,100
25/02/2016 08:15,35,1,100
25/02/2016 08:20,35,1,100
25/02/2016 08:25,31,1,100
25/02/2016 08:30,30,1,100
25/02/2016 08:35,40,1,100
25/02/2016 08:40,30,1,100
25/02/2016 08:45,35,1,100
25/02/2016 08:50,30,1,100
25/02/2016 08:55,38,1,100
25/02/2016 09:00,44,1,100
25/02/2016 09:05,45,1,100
25/02/2016 09:10,44,1,100
25/02/2016 09:15,48,1,100
25/02/2016 09:20,44,1,100
25/02/2016 09:25,68,1,100
25/02/2016 09:30,52,1,100
25/02/2016 09:35,57,1,100
25/02/2016 09:40,56,1,100
25/02/2016 09:45,49,1,100
25/02/2016 09:50,61,1,100
25/02/2016 09:55,55,1,100
25/02/2016 10:00,62,1,100
25/02/2016 10:05,55,1,100
25/02/2016 10:10,54,1,100
25/02/2016 10:15,55,1,100
25/02/2016 10:20,52,1,100
25/02/2016 10:25,58,1,100
25/02/2016 10:30,61,1,100
25/02/2016 10:35,56,1,100
25/02/2016 10:40,60,1,100
25/02/2016 10:45,52,1,100
25/02/2016 10:50,56,1,100
25/02/2016 10:55,56,1,100
25/02/2016 11:00,62,1,100
25/02/2016 11:05,56,1,100
25/02/2016 11:10,49,1,100
25/02/2016 11:15,59,1,100
25/02/2016 11:20,49,1,100
25/02/2016 11:25,56,1,100
25/02/2016 11:30,53,1,100
25/02/2016 11:35,51,1,100
25/02/2016 11:40,50,1,100
25/02/2016 11:45,63,1,100
25/02/2016 11:50,53,1,100
25/02/2016 11:55,57,1,100
25/02/2016 12:00,47,1,100
25/02/2016 12:05,44,1,100
25/02/2016 12:10,21,1,100
25/02/2016 12:15,43,1,100
25/02/2016 12:20,58,1,100
25/02/2016 12:25,50,1,100
25/02/2016 12:30,53,1,100
25/02/2016 12:35,47,1,100
25/02/2016 12:40,51,1,100
25/02/2016 12:45,49,1,100
25/02/2016 12:50,54,1,100
25/02/2016 12:55,54,1,100
25/02/2016 13:00,49,1,100
25/02/2016 13:05,52,1,100
25/02/2016 13:10,54,1,100
25/02/2016 13:15,51,1,100
25/02/2016 13:20,53,1,100
25/02/2016 13:25,49,1,100
25/02/2016 13:30,60,1,100
25/02/2016 13:35,43,1,100
25/02/2016 13:40,51,1,100
25/02/2016 13:45,53,1,100
25/02/2016 13:50,48,1,100
25/02/2016 13:55,40,1,100
25/02/2016 14:00,42,1,100
25/02/2016 14:05,49,1,100
25/02/2016 14:10,44,1,100
25/02/2016 14:15,61,1,100
25/02/2016 14:20,55,1,100
25/02/2016 14:25,55,1,100
25/02/2016 14:30,60,1,100
25/02/2016 14:35,46,1,100
25/02/2016 14:40,57,1,100
25/02/2016 14:45,54,1,100
25/02/2016 14:50,51,1,100
25/02/2016 14:55,53,1,100
25/02/2016 15:00,55,1,100
25/02/2016 15:05,50,1,100
25/02/2016 15:10,52,1,100
25/02/2016 15:15,55,1,100
25/02/2016 15:20,59,1,100
25/02/2016 15:25,53,1,100
25/02/2016 15:30,50,1,100
25/02/2016 15:35,57,1,100
25/02/2016 15:40,57,1,100
25/02/2016 15:45,64,1,100
25/02/2016 15:50,50,1,100
25/02/2016 15:55,51,1,100
25/02/2016 16:00,44,1,100
25/02/2016 16:05,42,1,100
25/02/2016 16:10,47,1,100
25/02/2016 16:15,43,1,100
25/02/2016 16:20,55,1,100
25/02/2016 16:25,41,1,100
25/02/2016 16:30,43,1,100
25/02/2016 16:35,42,1,100
25/02/2016 16:40,45,1,100
25/02/2016 16:45,45,1,100
25/02/2016 16:50,48,1,100
25/02/2016 16:55,46,1,100
25/02/2016 17:00,46,1,100
25/02/2016 17:05,43,1,100
25/02/2016 17:10,39,1,100
25/02/2016 17:15,58,1,100
25/02/2016 17:20,49,1,100
25/02/2016 17:25,48,1,100
25/02/2016 17:30,51,1,100
25/02/2016 17:35,52,1,100
25/02/2016 17:40,47,1,100
25/02/2016 17:45,44,1,100
25/02/2016 17:50,42,1,100
25/02/2016 17:55,34,1,100
25/02/2016 18:00,30,1,100
25/02/2016 18:05,39,1,100
25/02/2016 18:10,40,1,100
25/02/2016 18:15,42,1,100
25/02/2016 18:20,45,1,100
25/02/2016 18:25,29,1,100
25/02/2016 18:30,38,1,100
25/02/2016 18:35,47,1,100
25/02/2016 18:40,40,1,100
25/02/2016 18:45,44,1,100
25/02/2016 18:50,38,1,100
25/02/2016 18:55,41,1,100
25/02/2016 19:00,40,1,100
25/02/2016 19:05,42,1,100
25/02/2016 19:10,41,1,100
25/02/2016 19:15,34,1,100
25/02/2016 19:20,43,1,100
25/02/2016 19:25,39,1,100
25/02/2016 19:30,39,1,100
25/02/2016 19:35,44,1,100
25/02/2016 19:40,31,1,100
25/02/2016 19:45,35,1,100
25/02/2016 19:50,42,1,100
25/02/2016 19:55,28,1,100
25/02/2016 20:00,38,1,100
25/02/2016 20:05,27,1,100
25/02/2016 20:10,37,1,100
25/02/2016 20:15,35,1,100
25/02/2016 20:20,31,1,100
25/02/2016 20:25,35,1,100
25/02/2016 20:30,28,1,100
25/02/2016 20:35,29,1,100
25/02/2016 20:40,27,1,100
25/02/2016 20:45,29,1,100
25/02/2016 20:50,21,1,100
25/02/2016 20:55,30,1,100
25/02/2016 21:00,27,1,100
25/02/2016 21:05,20,1,100
25/02/2016 21:10,28,1,100
25/02/2016 21:15,29,1,100
25/02/2016 21:20,27,1,100
25/02/2016 21:25,22,1,100
25/02/2016 21:30,20,1,100
25/02/2016 21:35,21,1,100
25/02/2016 21:40,22,1,100
25/02/2016 21:45,22,1,100
25/02/2016 21:50,19,1,100
25/02/2016 21:55,19,1,100
25/02/2016 22:00,19,1,100
25/02/2016 22:05,21,1,100
25/02/2016 22:10,20,1,100
25/02/2016 22:15,17,1,100
25/02/2016 22:20,15,1,100
25/02/2016 22:25,13,1,100
25/02/2016 22:30,11,1,100
25/02/2016 22:35,17,1,100
25/02/2016 22:40,15,1,100
25/02/2016 22:45,16,1,100
25/02/2016 22:50,15,1,100
25/02/2016 22:55,11,1,100
25/02/2016 23:00,12,1,100
25/02/2016 23:05,11,1,100
25/02/2016 23:10,13,1,100
25/02/2016 23:15,9,1,100
25/02/2016 23:20,7,1,100
25/02/2016 23:25,13,1,100
25/02/2016 23:30,7,1,100
25/02/2016 23:35,11,1,100
25/02/2016 23:40,6,1,100
25/02/2016 23:45,12,1,100
25/02/2016 23:50,5,1,100
25/02/2016 23:55,8,1,100
26/02/2016 00:00,9,1,100
26/02/2016 00:05,4,1,100
26/02/2016 00:10,5,1,100
26/02/2016 00:15,9,1,100
26/02/2016 00:20,11,1,100
26/02/2016 00:25,6,1,100
26/02/2016 00:30,3,1,100
26/02/2016 00:35,4,1,100
26/02/2016 00:40,4,1,100
26/02/2016 00:45,6,1,100
26/02/2016 00:50,2,1,100
26/02/2016 00:55,4,1,100
26/02/2016 01:00,3,1,100
26/02/2016 01:05,7,1,100
26/02/2016 01:10,5,1,100
26/02/2016 01:15,4,1,100
26/02/2016 01:20,5,1,100
26/02/2016 01:25,5,1,100
26/02/2016 01:30,3,1,100
26/02/2016 01:35,4,1,100
26/02/2016 01:40,4,1,100
26/02/2016 01:45,5,1,100
26/02/2016 01:50,1,1,100
26/02/2016 01:55,2,1,100
26/02/2016 02:00,3,1,100
26/02/2016 02:05,4,1,100
26/02/2016 02:10,1,1,100
26/02/2016 02:15,3,1,100
26/02/2016 02:20,2,1,100
26/02/2016 02:25,2,1,100
26/02/2016 02:30,3,1,100
26/02/2016 02:35,1,1,100
26/02/2016 02:40,5,1,100
26/02/2016 02:45,2,1,100
26/02/2016 02:50,0,1,100
26/02/2016 02:55,2,1,100
26/02/2016 03:00,3,1,100
26/02/2016 03:05,3,1,100
26/02/2016 03:10,2,1,100
26/02/2016 03:15,2,1,100
26/02/2016 03:20,2,1,100
26/02/2016 03:25,2,1,100
26/02/2016 03:30,3,1,100
26/02/2016 03:35,2,1,100
26/02/2016 03:40,3,1,100
26/02/2016 03:45,5,1,100
26/02/2016 03:50,6,1,100
26/02/2016 03:55,5,1,100
26/02/2016 04:00,5,1,100
26/02/2016 04:05,5,1,100
26/02/2016 04:10,7,1,100
26/02/2016 04:15,6,1,100
26/02/2016 04:20,8,1,100
26/02/2016 04:25,9,1,100
26/02/2016 04:30,8,1,100
26/02/2016 04:35,7,1,100
26/02/2016 04:40,13,1,100
26/02/2016 04:45,18,1,100
26/02/2016 04:50,17,1,100
26/02/2016 04:55,13,1,100
26/02/2016 05:00,25,1,100
26/02/2016 05:05,20,1,100
26/02/2016 05:10,23,1,100
26/02/2016 05:15,28,1,100
26/02/2016 05:20,31,1,100
26/02/2016 05:25,37,1,100
26/02/2016 05:30,28,1,100
26/02/2016 05:35,39,1,100
26/02/2016 05:40,43,1,100
26/02/2016 05:45,52,1,100
26/02/2016 05:50,39,1,100
26/02/2016 05:55,38,1,100
26/02/2016 06:00,42,1,100
26/02/2016 06:05,48,1,100
26/02/2016 06:10,52,1,100
26/02/2016 06:15,52,1,100
26/02/2016 06:20,63,1,100
26/02/2016 06:25,79,1,100
26/02/2016 06:30,68,1,100
26/02/2016 06:35,78,1,100
26/02/2016 06:40,85,1,100
26/02/2016 06:45,84,1,100
26/02/2016 06:50,80,1,100
26/02/2016 06:55,76,1,100
26/02/2016 07:00,70,1,100
26/02/2016 07:05,63,1,100
26/02/2016 07:10,67,1,100
26/02/2016 07:15,65,1,100
26/02/2016 07:20,62,1,100
26/02/2016 07:25,59,1,100
26/02/2016 07:30,49,1,100
26/02/2016 07:35,45,1,100
26/02/2016 07:40,40,1,100
26/02/2016 07:45,41,1,100
26/02/2016 07:50,39,1,100
26/02/2016 07:55,39,1,100
26/02/2016 08:00,45,1,100
26/02/2016 08:05,41,1,100
26/02/2016 08:10,38,1,100
26/02/2016 08:15,38,1,100
26/02/2016 08:20,41,1,100
26/02/2016 08:25,49,1,100
26/02/2016 08:30,55,1,100
26/02/2016 08:35,46,1,100
26/02/2016 08:40,47,1,100
26/02/2016 08:45,44,1,100
26/02/2016 08:50,38,1,100
26/02/2016 08:55,43,1,100
26/02/2016 09:00,43,1,100
26/02/2016 09:05,52,1,100
26/02/2016 09:10,48,1,100
26/02/2016 09:15,54,1,100
26/02/2016 09:20,59,1,100
26/02/2016 09:25,56,1,100
26/02/2016 09:30,55,1,100
26/02/2016 09:35,58,1,100
26/02/2016 09:40,55,1,100
26/02/2016 09:45,55,1,100
26/02/2016 09:50,68,1,100
26/02/2016 09:55,52,1,100
26/02/2016 10:00,56,1,100
26/02/2016 10:05,53,1,100
26/02/2016 10:10,54,1,100
26/02/2016 10:15,56,1,100
26/02/2016 10:20,53,1,100
26/02/2016 10:25,55,1,100
26/02/2016 10:30,54,1,100
26/02/2016 10:35,55,1,100
26/02/2016 10:40,59,1,100
26/02/2016 10:45,58,1,100
26/02/2016 10:50,51,1,100
26/02/2016 10:55,53,1,100
26/02/2016 11:00,59,1,100
26/02/2016 11:05,57,1,100
26/02/2016 11:10,61,1,100
26/02/2016 11:15,63,1,100
26/02/2016 11:20,44,1,100
26/02/2016 11:25,56,1,100
26/02/2016 11:30,49,1,100
26/02/2016 11:35,56,1,100
26/02/2016 11:40,58,1,100
26/02/2016 11:45,48,1,100
26/02/2016 11:50,57,1,100
26/02/2016 11:55,58,1,100
26/02/2016 12:00,51,1,100
26/02/2016 12:05,45,1,100
26/02/2016 12:10,54,1,100
26/02/2016 12:15,57,1,100
26/02/2016 12:20,49,1,100
26/02/2016 12:25,55,1,100
26/02/2016 12:30,57,1,100
26/02/2016 12:35,56,1,100
26/02/2016 12:40,56,1,100
26/02/2016 12:45,44,1,100
26/02/2016 12:50,60,1,100
26/02/2016 12:55,49,1,100
26/02/2016 13:00,48,1,100
26/02/2016 13:05,51,1,100
26/02/2016 13:10,55,1,100
26/02/2016 13:15,55,1,100
26/02/2016 13:20,50,1,100
26/02/2016 13:25,49,1,100
26/02/2016 13:30,54,1,100
26/02/2016 13:35,47,1,100
26/02/2016 13:40,58,1,100
26/02/2016 13:45,56,1,100
26/02/2016 13:50,60,1,100
26/02/2016 13:55,52,1,100
26/02/2016 14:00,56,1,100
26/02/2016 14:05,52,1,100
26/02/2016 14:10,52,1,100
26/02/2016 14:15,55,1,100
26/02/2016 14:20,56,1,100
26/02/2016 14:25,50,1,100
26/02/2016 14:30,52,1,100
26/02/2016 14:35,53,1,100
26/02/2016 14:40,56,1,100
26/02/2016 14:45,55,1,100
26/02/2016 14:50,55,1,100
26/02/2016 14:55,54,1,100
26/02/2016 15:00,55,1,100
26/02/2016 15:05,52,1,100
26/02/2016 15:10,49,1,100
26/02/2016 15:15,59,1,100
26/02/2016 15:20,57,1,100
26/02/2016 15:25,50,1,100
26/02/2016 15:30,53,1,100
26/02/2016 15:35,55,1,100
26/02/2016 15:40,41,1,100
26/02/2016 15:45,54,1,100
26/02/2016 15:50,49,1,100
26/02/2016 15:55,46,1,100
26/02/2016 16:00,48,1,100
26/02/2016 16:05,46,1,100
26/02/2016 16:10,52,1,100
26/02/2016 16:15,48,1,100
26/02/2016 16:20,47,1,100
26/02/2016 16:25,50,1,100
26/02/2016 16:30,44,1,100
26/02/2016 16:35,48,1,100
26/02/2016 16:40,47,1,100
26/02/2016 16:45,51,1,100
26/02/2016 16:50,41,1,100
26/02/2016 16:55,46,1,100
26/02/2016 17:00,42,1,100
26/02/2016 17:05,45,1,100
26/02/2016 17:10,52,1,100
26/02/2016 17:15,50,1,100
26/02/2016 17:20,55,1,100
26/02/2016 17:25,47,1,100
26/02/2016 17:30,50,1,100
26/02/2016 17:35,43,1,100
26/02/2016 17:40,40,1,100
26/02/2016 17:45,37,1,100
26/02/2016 17:50,51,1,100
26/02/2016 17:55,45,1,100
26/02/2016 18:00,37,1,100
26/02/2016 18:05,41,1,100
26/02/2016 18:10,41,1,100
26/02/2016 18:15,43,1,100
26/02/2016 18:20,46,1,100
26/02/2016 18:25,45,1,100
26/02/2016 18:30,47,1,100
26/02/2016 18:35,52,1,100
26/02/2016 18:40,41,1,100
26/02/2016 18:45,37,1,100
26/02/2016 18:50,39,1,100
26/02/2016 18:55,41,1,100
26/02/2016 19:00,40,1,100
26/02/2016 19:05,46,1,100
26/02/2016 19:10,43,1,100
26/02/2016 19:15,46,1,100
26/02/2016 19:20,41,1,100
26/02/2016 19:25,48,1,100
26/02/2016 19:30,49,1,100
26/02/2016 19:35,49,1,100
26/02/2016 19:40,40,1,100
26/02/2016 19:45,40,1,100
26/02/2016 19:50,34,1,100
26/02/2016 19:55,43,1,100
26/02/2016 20:00,34,1,100
26/02/2016 20:05,36,1,100
26/02/2016 20:10,36,1,100
26/02/2016 20:15,40,1,100
26/02/2016 20:20,33,1,100
26/02/2016 20:25,30,1,100
26/02/2016 20:30,31,1,100
26/02/2016 20:35,19,1,100
26/02/2016 20:40,36,1,100
26/02/2016 20:45,28,1,100
26/02/2016 20:50,30,1,100
26/02/2016 20:55,25,1,100
26/02/2016 21:00,27,1,100
26/02/2016 21:05,26,1,100
26/02/2016 21:10,26,1,100
26/02/2016 21:15,23,1,100
26/02/2016 21:20,25,1,100
26/02/2016 21:25,27,1,100
26/02/2016 21:30,24,1,100
26/02/2016 21:35,23,1,100
26/02/2016 21:40,24,1,100
26/02/2016 21:45,24,1,100
26/02/2016 21:50,23,1,100
26/02/2016 21:55,19,1,100
26/02/2016 22:00,16,1,100
26/02/2016 22:05,23,1,100
26/02/2016 22:10,29,1,100
26/02/2016 22:15,27,1,100
26/02/2016 22:20,24,1,100
26/02/2016 22:25,23,1,100
26/02/2016 22:30,25,1,100
26/02/2016 22:35,19,1,100
26/02/2016 22:40,17,1,100
26/02/2016 22:45,25,1,100
26/02/2016 22:50,19,1,100
26/02/2016 22:55,19,1,100
26/02/2016 23:00,14,1,100
26/02/2016 23:05,13,1,100
26/02/2016 23:10,19,1,100
26/02/2016 23:15,17,1,100
26/02/2016 23:20,15,1,100
26/02/2016 23:25,11,1,100
26/02/2016 23:30,9,1,100
26/02/2016 23:35,12,1,100
26/02/2016 23:40,6,1,100
26/02/2016 23:45,16,1,100
26/02/2016 23:50,11,1,100
26/02/2016 23:55,12,1,100
29/02/2016 00:00,12,1,100
29/02/2016 00:05,7,1,100
29/02/2016 00:10,4,1,100
29/02/2016 00:15,10,1,100
29/02/2016 00:20,4,1,100
29/02/2016 00:25,7,1,100
29/02/2016 00:30,6,1,100
29/02/2016 00:35,4,1,100
29/02/2016 00:40,6,1,100
29/02/2016 00:45,6,1,100
29/02/2016 00:50,5,1,100
29/02/2016 00:55,6,1,100
29/02/2016 01:00,5,1,100
29/02/2016 01:05,3,1,100
29/02/2016 01:10,3,1,100
29/02/2016 01:15,3,1,100
29/02/2016 01:20,1,1,100
29/02/2016 01:25,3,1,100
29/02/2016 01:30,5,1,100
29/02/2016 01:35,3,1,100
29/02/2016 01:40,4,1,100
29/02/2016 01:45,3,1,100
29/02/2016 01:50,1,1,100
29/02/2016 01:55,3,1,100
29/02/2016 02:00,2,1,100
29/02/2016 02:05,3,1,100
29/02/2016 02:10,3,1,100
29/02/2016 02:15,4,1,100
29/02/2016 02:20,2,1,100
29/02/2016 02:25,3,1,100
29/02/2016 02:30,4,1,100
29/02/2016 02:35,4,1,100
29/02/2016 02:40,2,1,100
29/02/2016 02:45,5,1,100
29/02/2016 02:50,2,1,100
29/02/2016 02:55,2,1,100
29/02/2016 03:00,3,1,100
29/02/2016 03:05,4,1,100
29/02/2016 03:10,3,1,100
29/02/2016 03:15,3,1,100
29/02/2016 03:20,3,1,100
29/02/2016 03:25,4,1,100
29/02/2016 03:30,3,1,100
29/02/2016 03:35,5,1,100
29/02/2016 03:40,6,1,100
29/02/2016 03:45,8,1,100
29/02/2016 03:50,3,1,100
29/02/2016 03:55,4,1,100
29/02/2016 04:00,8,1,100
29/02/2016 04:05,7,1,100
29/02/2016 04:10,9,1,100
29/02/2016 04:15,4,1,100
29/02/2016 04:20,10,1,100
29/02/2016 04:25,10,1,100
29/02/2016 04:30,16,1,100
29/02/2016 04:35,18,1,100
29/02/2016 04:40,22,1,100
29/02/2016 04:45,21,1,100
29/02/2016 04:50,25,1,100
29/02/2016 04:55,31,1,100
29/02/2016 05:00,38,1,100
29/02/2016 05:05,37,1,100
29/02/2016 05:10,33,1,100
29/02/2016 05:15,31,1,100
29/02/2016 05:20,46,1,100
29/02/2016 05:25,43,1,100
29/02/2016 05:30,41,1,100
29/02/2016 05:35,53,1,100
29/02/2016 05:40,62,1,100
29/02/2016 05:45,69,1,100
29/02/2016 05:50,52,1,100
29/02/2016 05:55,55,1,100
29/02/2016 06:00,64,1,100
29/02/2016 06:05,55,1,100
29/02/2016 06:10,66,1,100
29/02/2016 06:15,69,1,100
29/02/2016 06:20,80,1,100
29/02/2016 06:25,86,1,100
29/02/2016 06:30,83,1,100
29/02/2016 06:35,78,1,100
29/02/2016 06:40,88,1,100
29/02/2016 06:45,84,1,100
29/02/2016 06:50,78,1,100
29/02/2016 06:55,69,1,100
29/02/2016 07:00,74,1,100
29/02/2016 07:05,67,1,100
29/02/2016 07:10,68,1,100
29/02/2016 07:15,59,1,100
29/02/2016 07:20,56,1,100
29/02/2016 07:25,58,1,100
29/02/2016 07:30,46,1,100
29/02/2016 07:35,43,1,100
29/02/2016 07:40,43,1,100
29/02/2016 07:45,37,1,100
29/02/2016 07:50,39,1,100
29/02/2016 07:55,33,1,100
29/02/2016 08:00,41,1,100
29/02/2016 08:05,40,1,100
29/02/2016 08:10,41,1,100
29/02/2016 08:15,35,1,100
29/02/2016 08:20,36,1,100
29/02/2016 08:25,43,1,100
29/02/2016 08:30,40,1,100
29/02/2016 08:35,37,1,100
29/02/2016 08:40,42,1,100
29/02/2016 08:45,43,1,100
29/02/2016 08:50,42,1,100
29/02/2016 08:55,43,1,100
29/02/2016 09:00,46,1,100
29/02/2016 09:05,48,1,100
29/02/2016 09:10,53,1,100
29/02/2016 09:15,49,1,100
29/02/2016 09:20,45,1,100
29/02/2016 09:25,54,1,100
29/02/2016 09:30,63,1,100
29/02/2016 09:35,55,1,100
29/02/2016 09:40,55,1,100
29/02/2016 09:45,51,1,100
29/02/2016 09:50,53,1,100
29/02/2016 09:55,51,1,100
29/02/2016 10:00,51,1,100
29/02/2016 10:05,60,1,100
29/02/2016 10:10,42,1,100
29/02/2016 10:15,57,1,100
29/02/2016 10:20,47,1,100
29/02/2016 10:25,56,1,100
29/02/2016 10:30,59,1,100
29/02/2016 10:35,59,1,100
29/02/2016 10:40,56,1,100
29/02/2016 10:45,57,1,100
29/02/2016 10:50,58,1,100
29/02/2016 10:55,48,1,100
29/02/2016 11:00,61,1,100
29/02/2016 11:05,50,1,100
29/02/2016 11:10,55,1,100
29/02/2016 11:15,37,1,100
29/02/2016 11:20,32,1,100
29/02/2016 11:25,49,1,100
29/02/2016 11:30,48,1,100
29/02/2016 11:35,47,1,100
29/02/2016 11:40,44,1,100
29/02/2016 11:45,41,1,100
29/02/2016 11:50,55,1,100
29/02/2016 11:55,52,1,100
29/02/2016 12:00,58,1,100
29/02/2016 12:05,48,1,100
29/02/2016 12:10,45,1,100
29/02/2016 12:15,39,1,100
29/02/2016 12:20,42,1,100
29/02/2016 12:25,56,1,100
29/02/2016 12:30,44,1,100
29/02/2016 12:35,44,1,100
29/02/2016 12:40,49,1,100
29/02/2016 12:45,46,1,100
29/02/2016 12:50,48,1,100
29/02/2016 12:55,42,1,100
29/02/2016 13:00,50,1,100
29/02/2016 13:05,50,1,100
29/02/2016 13:10,40,1,100
29/02/2016 13:15,49,1,100
29/02/2016 13:20,46,1,100
29/02/2016 13:25,43,1,100
29/02/2016 13:30,41,1,100
29/02/2016 13:35,48,1,100
29/02/2016 13:40,53,1,100
29/02/2016 13:45,49,1,100
29/02/2016 13:50,49,1,100
29/02/2016 13:55,50,1,100
29/02/2016 14:00,58,1,100
29/02/2016 14:05,31,1,100
29/02/2016 14:10,46,1,100
29/02/2016 14:15,47,1,100
29/02/2016 14:20,50,1,100
29/02/2016 14:25,41,1,100
29/02/2016 14:30,61,1,100
29/02/2016 14:35,54,1,100
29/02/2016 14:40,49,1,100
29/02/2016 14:45,59,1,100
29/02/2016 14:50,53,1,100
29/02/2016 14:55,55,1,100
29/02/2016 15:00,43,1,100
29/02/2016 15:05,46,1,100
29/02/2016 15:10,44,1,100
29/02/2016 15:15,57,1,100
29/02/2016 15:20,50,1,100
29/02/2016 15:25,52,1,100
29/02/2016 15:30,41,1,100
29/02/2016 15:35,53,1,100
29/02/2016 15:40,51,1,100
29/02/2016 15:45,54,1,100
29/02/2016 15:50,49,1,100
29/02/2016 15:55,42,1,100
29/02/2016 16:00,43,1,100
29/02/2016 16:05,61,1,100
29/02/2016 16:10,46,1,100
29/02/2016 16:15,55,1,100
29/02/2016 16:20,49,1,100
29/02/2016 16:25,40,1,100
29/02/2016 16:30,43,1,100
29/02/2016 16:35,44,1,100
29/02/2016 16:40,44,1,100
29/02/2016 16:45,42,1,100
29/02/2016 16:50,48,1,100
29/02/2016 16:55,43,1,100
29/02/2016 17:00,37,1,100
29/02/2016 17:05,41,1,100
29/02/2016 17:10,48,1,100
29/02/2016 17:15,51,1,100
29/02/2016 17:20,55,1,100
29/02/2016 17:25,57,1,100
29/02/2016 17:30,44,1,100
29/02/2016 17:35,35,1,100
29/02/2016 17:40,44,1,100
29/02/2016 17:45,41,1,100
29/02/2016 17:50,42,1,100
29/02/2016 17:55,42,1,100
29/02/2016 18:00,37,1,100
29/02/2016 18:05,38,1,100
29/02/2016 18:10,44,1,100
29/02/2016 18:15,46,1,100
29/02/2016 18:20,43,1,100
29/02/2016 18:25,38,1,100
29/02/2016 18:30,34,1,100
29/02/2016 18:35,43,1,100
29/02/2016 18:40,36,1,100
29/02/2016 18:45,36,1,100
29/02/2016 18:50,35,1,100
29/02/2016 18:55,36,1,100
29/02/2016 19:00,35,1,100
29/02/2016 19:05,34,1,100
29/02/2016 19:10,31,1,100
29/02/2016 19:15,31,1,100
29/02/2016 19:20,35,1,100
29/02/2016 19:25,35,1,100
29/02/2016 19:30,31,1,100
29/02/2016 19:35,25,1,100
29/02/2016 19:40,30,1,100
29/02/2016 19:45,31,1,100
29/02/2016 19:50,31,1,100
29/02/2016 19:55,24,1,100
29/02/2016 20:00,25,1,100
29/02/2016 20:05,29,1,100
29/02/2016 20:10,28,1,100
29/02/2016 20:15,29,1,100
29/02/2016 20:20,31,1,100
29/02/2016 20:25,23,1,100
29/02/2016 20:30,29,1,100
29/02/2016 20:35,24,1,100
29/02/2016 20:40,20,1,100
29/02/2016 20:45,19,1,100
29/02/2016 20:50,25,1,100
29/02/2016 20:55,19,1,100
29/02/2016 21:00,19,1,100
29/02/2016 21:05,22,1,100
29/02/2016 21:10,27,1,100
29/02/2016 21:15,25,1,100
29/02/2016 21:20,17,1,100
29/02/2016 21:25,22,1,100
29/02/2016 21:30,17,1,100
29/02/2016 21:35,19,1,100
29/02/2016 21:40,18,1,100
29/02/2016 21:45,19,1,100
29/02/2016 21:50,13,1,100
29/02/2016 21:55,17,1,100
29/02/2016 22:00,15,1,100
29/02/2016 22:05,18,1,100
29/02/2016 22:10,16,1,100
29/02/2016 22:15,15,1,100
29/02/2016 22:20,16,1,100
29/02/2016 22:25,9,1,100
29/02/2016 22:30,10,1,100
29/02/2016 22:35,11,1,100
29/02/2016 22:40,13,1,100
29/02/2016 22:45,8,1,100
29/02/2016 22:50,14,1,100
29/02/2016 22:55,11,1,100
29/02/2016 23:00,10,1,100
29/02/2016 23:05,6,1,100
29/02/2016 23:10,8,1,100
29/02/2016 23:15,7,1,100
29/02/2016 23:20,10,1,100
29/02/2016 23:25,9,1,100
29/02/2016 23:30,7,1,100
29/02/2016 23:35,10,1,100
29/02/2016 23:40,3,1,100
29/02/2016 23:45,7,1,100
29/02/2016 23:50,6,1,100
29/02/2016 23:55,5,1,100
